-- MySQL dump 10.13  Distrib 5.5.32, for debian-linux-gnu (x86_64)
--
-- Host: localhost    Database: news-test
-- ------------------------------------------------------
-- Server version	5.5.32-0ubuntu0.12.04.1

/*!40101 SET @OLD_CHARACTER_SET_CLIENT=@@CHARACTER_SET_CLIENT */;
/*!40101 SET @OLD_CHARACTER_SET_RESULTS=@@CHARACTER_SET_RESULTS */;
/*!40101 SET @OLD_COLLATION_CONNECTION=@@COLLATION_CONNECTION */;
/*!40101 SET NAMES utf8 */;
/*!40103 SET @OLD_TIME_ZONE=@@TIME_ZONE */;
/*!40103 SET TIME_ZONE='+00:00' */;
/*!40014 SET @OLD_UNIQUE_CHECKS=@@UNIQUE_CHECKS, UNIQUE_CHECKS=0 */;
/*!40014 SET @OLD_FOREIGN_KEY_CHECKS=@@FOREIGN_KEY_CHECKS, FOREIGN_KEY_CHECKS=0 */;
/*!40101 SET @OLD_SQL_MODE=@@SQL_MODE, SQL_MODE='NO_AUTO_VALUE_ON_ZERO' */;
/*!40111 SET @OLD_SQL_NOTES=@@SQL_NOTES, SQL_NOTES=0 */;

--
-- Dumping data for table `Category`
--

LOCK TABLES `Category` WRITE;
/*!40000 ALTER TABLE `Category` DISABLE KEYS */;
INSERT INTO `Category` (`id`, `name`, `isPriority`, `level`, `leftIndex`, `rightIndex`) VALUES (1,'News','\0',0,1,118),(2,'Top News','',1,2,3),(3,'World','\0',1,4,49),(4,'US and Canada','\0',2,5,24),(5,'Europe','\0',2,25,36),(6,'Asia','\0',2,37,42),(7,'Africa','\0',2,43,44),(8,'Middle East','\0',2,45,46),(9,'U.S','\0',3,6,21),(10,'Canada','\0',3,22,23),(11,'UK','\0',3,26,35),(12,'Business','\0',1,50,51),(13,'Technology','\0',1,52,53),(14,'Science','\0',1,54,55),(15,'Entertainment','\0',1,56,57),(16,'Sport','\0',1,58,97),(17,'Health','\0',1,98,99),(18,'England','\0',4,27,28),(19,'Northern Ireland','\0',4,29,30),(20,'Scotland','\0',4,31,32),(21,'Wales','\0',4,33,34),(22,'Football','\0',2,59,60),(23,'Golf','\0',2,61,62),(24,'Motorsport','\0',2,63,64),(25,'Tennis','\0',2,65,66),(26,'Travel','\0',1,100,109),(27,'Latin America','\0',2,47,48),(28,'Politics','\0',1,110,111),(29,'Lifestyle','\0',1,112,113),(30,'China','\0',3,38,39),(31,'Cricket','\0',2,67,68),(32,'Rugby','\0',2,69,74),(33,'Rugby Union','\0',3,70,71),(34,'Rugby League','\0',3,72,73),(35,'Boxing','\0',2,75,76),(36,'Athletics','\0',2,77,78),(37,'Snooker','\0',2,79,80),(38,'Horse Racing','\0',2,81,82),(39,'Cycling','\0',2,83,84),(40,'Disability Sport','\0',2,85,86),(41,'Other Sport','\0',2,87,88),(42,'Olympics','\0',2,89,90),(43,'Top Sport News','',2,91,92),(44,'Life','\0',4,7,8),(45,'Security','\0',4,9,10),(46,'Weird','\0',4,11,12),(47,'Weird news','\0',1,114,115),(48,'Cruise Travel','\0',2,101,102),(49,'Active Travel','\0',2,103,104),(50,'Family Travel','\0',2,105,106),(51,'Business Travel','\0',2,107,108),(52,'Finance','\0',1,116,117),(53,'India','\0',3,40,41),(54,'Politics','\0',4,13,16),(55,'http://www.nytimes.com/services/xml/rss/nyt/Politics.xml','\0',5,14,15),(56,'Education','\0',4,17,18),(57,'New York','\0',4,19,20),(58,'Baseball','\0',2,93,94),(59,'Hockey','\0',2,95,96);
/*!40000 ALTER TABLE `Category` ENABLE KEYS */;
UNLOCK TABLES;

--
-- Dumping data for table `Channel`
--

LOCK TABLES `Channel` WRITE;
/*!40000 ALTER TABLE `Channel` DISABLE KEYS */;
INSERT INTO `Channel` (`id`, `name`, `url`, `description`, `version`) VALUES (1,'BBC','http://www.bbc.co.uk/',NULL,0),(2,'The Telegraph','http://www.telegraph.co.uk/',NULL,0),(3,'The Guardian','http://www.guardian.co.uk/',NULL,0),(4,'Daily Mail','http://www.dailymail.co.uk/',NULL,0),(5,'The Sun','http://www.thesun.co.uk/',NULL,0),(6,'The Independent','http://www.independent.co.uk/',NULL,0),(7,'Sky News','http://news.sky.com/',NULL,0),(8,'The Times','http://www.thetimes.co.uk/',NULL,0),(9,'Reuters','http://www.reuters.com/',NULL,0),(10,'ABC News','http://abcnews.go.com/',NULL,0),(11,'Bloomberg','http://www.bloomberg.com/',NULL,0),(12,'Fox News','http://www.foxnews.com/',NULL,0),(13,'CNN','http://www.cnn.com/',NULL,0),(14,'The New York Times','http://www.nytimes.com/',NULL,0),(15,'NBC News','http://www.nbcnews.com/',NULL,0),(16,'USA Today','http://www.usatoday.com/',NULL,0),(17,'The Wall Street Journal','http://www.wsj.com/',NULL,0),(18,'Forbes','http://www.forbes.com/',NULL,0),(19,'The Washingtom Post','http://www.washingtonpost.com/',NULL,0),(20,'Los Angeles Times','http://www.latimes.com/',NULL,0),(22,'CBS News','http://www.cbsnews.com/',NULL,0),(23,'TIME.com','http://www.time.com/',NULL,0),(24,'CNBC','http://www.cnbc.com/',NULL,0),(25,'New York Post','http://www.nypost.com/',NULL,0),(26,'San Francisco Chronicle','http://www.sfgate.com/',NULL,0),(27,'Houston Chronicle','http://www.chron.com/',NULL,0),(28,'Financial Times','http://www.ft.com/',NULL,0),(29,'Chicago Tribune','http://www.chicagotribune.com/',NULL,0),(30,'US News','http://www.usnews.com/',NULL,0),(31,'Associated Press','http://www.ap.org/',NULL,0),(32,'CBC','http://www.cbc.ca/',NULL,0),(33,'Voice of America','http://www.voanews.com/',NULL,0),(34,'The Economist','http://www.economist.com/',NULL,0),(35,'Toronto Star','http://www.thestar.com/',NULL,0),(36,'France24','http://www.france24.com/',NULL,0),(37,'The Washington Times','http://www.washingtontimes.com/',NULL,0),(38,'The Australian','http://www.theaustralian.com.au/',NULL,0),(39,'Herald Sun','http://www.heraldsun.com.au/',NULL,0);
/*!40000 ALTER TABLE `Channel` ENABLE KEYS */;
UNLOCK TABLES;

--
-- Dumping data for table `Feed`
--

LOCK TABLES `Feed` WRITE;
/*!40000 ALTER TABLE `Feed` DISABLE KEYS */;
INSERT INTO `Feed` (`id`, `channelId`, `categoryId`, `url`, `name`, `link`, `description`, `author`, `copyright`, `imageUrl`, `isVideo`, `lastCheck`, `plannedCheck`, `inProcessSince`, `velocity`, `minVelocityThreshold`, `maxVelocityThreshold`, `httpLastEtag`, `httpLastModified`) VALUES (1,1,1,'http://feeds.bbci.co.uk/news/rss.xml','BBC News - Home','http://www.bbc.co.uk/news/#sa-ns_mchannel=rss&ns_source=PublicRSS20-sa','The latest stories from the Home section of the BBC News web site.','','Copyright: (C) British Broadcasting Corporation, see http://news.bbc.co.uk/2/hi/help/rss/4498287.stm for terms and conditions of reuse.','http://news.bbcimg.co.uk/nol/shared/img/bbc_news_120x60.gif','\0',NULL,'2013-08-01 10:03:35',NULL,4.666666666666667,0.08333333333333333,60,NULL,NULL),(2,1,3,'http://feeds.bbci.co.uk/news/world/rss.xml','BBC News - World','http://www.bbc.co.uk/news/world/#sa-ns_mchannel=rss&ns_source=PublicRSS20-sa','The latest stories from the World section of the BBC News web site.','','Copyright: (C) British Broadcasting Corporation, see http://news.bbc.co.uk/2/hi/help/rss/4498287.stm for terms and conditions of reuse.','http://news.bbcimg.co.uk/nol/shared/img/bbc_news_120x60.gif','\0',NULL,'2013-08-01 10:04:32',NULL,0,0.08333333333333333,60,NULL,NULL),(3,1,11,'http://feeds.bbci.co.uk/news/uk/rss.xml','BBC News - UK','http://www.bbc.co.uk/news/uk/#sa-ns_mchannel=rss&ns_source=PublicRSS20-sa','The latest stories from the UK section of the BBC News web site.','','Copyright: (C) British Broadcasting Corporation, see http://news.bbc.co.uk/2/hi/help/rss/4498287.stm for terms and conditions of reuse.','http://news.bbcimg.co.uk/nol/shared/img/bbc_news_120x60.gif','\0',NULL,'2013-08-01 10:05:11',NULL,2.55,0.08333333333333333,60,NULL,NULL),(4,1,12,'http://feeds.bbci.co.uk/news/business/rss.xml','BBC News - Business','http://www.bbc.co.uk/news/business/#sa-ns_mchannel=rss&ns_source=PublicRSS20-sa','The latest stories from the Business section of the BBC News web site.','','Copyright: (C) British Broadcasting Corporation, see http://news.bbc.co.uk/2/hi/help/rss/4498287.stm for terms and conditions of reuse.','http://news.bbcimg.co.uk/nol/shared/img/bbc_news_120x60.gif','\0',NULL,'2013-08-01 10:05:32',NULL,4.6,0.08333333333333333,60,NULL,NULL),(5,1,28,'http://feeds.bbci.co.uk/news/politics/rss.xml','BBC News - Politics','http://www.bbc.co.uk/news/politics/#sa-ns_mchannel=rss&ns_source=PublicRSS20-sa','The latest stories from the Politics section of the BBC News web site.','','Copyright: (C) British Broadcasting Corporation, see http://news.bbc.co.uk/2/hi/help/rss/4498287.stm for terms and conditions of reuse.','http://news.bbcimg.co.uk/nol/shared/img/bbc_news_120x60.gif','\0',NULL,'2013-08-01 10:05:53',NULL,3.066666666666667,0.08333333333333333,60,NULL,NULL),(6,1,17,'http://feeds.bbci.co.uk/news/health/rss.xml','BBC News - Health','http://www.bbc.co.uk/news/health/#sa-ns_mchannel=rss&ns_source=PublicRSS20-sa','The latest stories from the Health section of the BBC News web site.','','Copyright: (C) British Broadcasting Corporation, see http://news.bbc.co.uk/2/hi/help/rss/4498287.stm for terms and conditions of reuse.','http://news.bbcimg.co.uk/nol/shared/img/bbc_news_120x60.gif','\0',NULL,'2013-08-01 10:06:14',NULL,2.6666666666666665,0.08333333333333333,60,NULL,NULL),(7,1,14,'http://feeds.bbci.co.uk/news/science_and_environment/rss.xml','BBC News - Science & Environment','http://www.bbc.co.uk/news/science_and_environment/#sa-ns_mchannel=rss&ns_source=PublicRSS20-sa','The latest stories from the Science & Environment section of the BBC News web site.','','Copyright: (C) British Broadcasting Corporation, see http://news.bbc.co.uk/2/hi/help/rss/4498287.stm for terms and conditions of reuse.','http://news.bbcimg.co.uk/nol/shared/img/bbc_news_120x60.gif','\0',NULL,'2013-08-01 10:07:19',NULL,2.764705882352941,0.08333333333333333,60,NULL,NULL),(8,1,13,'http://feeds.bbci.co.uk/news/technology/rss.xml','BBC News - Technology','http://www.bbc.co.uk/news/technology/#sa-ns_mchannel=rss&ns_source=PublicRSS20-sa','The latest stories from the Technology section of the BBC News web site.','','Copyright: (C) British Broadcasting Corporation, see http://news.bbc.co.uk/2/hi/help/rss/4498287.stm for terms and conditions of reuse.','http://news.bbcimg.co.uk/nol/shared/img/bbc_news_120x60.gif','\0',NULL,'2013-08-01 10:07:40',NULL,3.6,0.08333333333333333,60,NULL,NULL),(9,1,15,'http://feeds.bbci.co.uk/news/entertainment_and_arts/rss.xml','BBC News - Entertainment & Arts','http://www.bbc.co.uk/news/entertainment_and_arts/#sa-ns_mchannel=rss&ns_source=PublicRSS20-sa','The latest stories from the Entertainment & Arts section of the BBC News web site.','','Copyright: (C) British Broadcasting Corporation, see http://news.bbc.co.uk/2/hi/help/rss/4498287.stm for terms and conditions of reuse.','http://news.bbcimg.co.uk/nol/shared/img/bbc_news_120x60.gif','\0',NULL,'2013-08-01 10:08:01',NULL,20,0.08333333333333333,60,NULL,NULL),(10,1,7,'http://feeds.bbci.co.uk/news/world/africa/rss.xml','BBC News - Africa','http://www.bbc.co.uk/news/world/africa/#sa-ns_mchannel=rss&ns_source=PublicRSS20-sa','The latest stories from the Africa section of the BBC News web site.','','Copyright: (C) British Broadcasting Corporation, see http://news.bbc.co.uk/2/hi/help/rss/4498287.stm for terms and conditions of reuse.','http://news.bbcimg.co.uk/nol/shared/img/bbc_news_120x60.gif','\0',NULL,'2013-08-01 10:08:27',NULL,5.666666666666667,0.08333333333333333,60,NULL,NULL),(11,1,6,'http://feeds.bbci.co.uk/news/world/asia/rss.xml','BBC News - Asia','http://www.bbc.co.uk/news/world/asia/#sa-ns_mchannel=rss&ns_source=PublicRSS20-sa','The latest stories from the Asia section of the BBC News web site.','','Copyright: (C) British Broadcasting Corporation, see http://news.bbc.co.uk/2/hi/help/rss/4498287.stm for terms and conditions of reuse.','http://news.bbcimg.co.uk/nol/shared/img/bbc_news_120x60.gif','\0',NULL,'2013-08-01 10:08:50',NULL,5.1,0.08333333333333333,60,NULL,NULL),(12,1,5,'http://feeds.bbci.co.uk/news/world/europe/rss.xml','BBC News - Europe','http://www.bbc.co.uk/news/world/europe/#sa-ns_mchannel=rss&ns_source=PublicRSS20-sa','The latest stories from the Europe section of the BBC News web site.','','Copyright: (C) British Broadcasting Corporation, see http://news.bbc.co.uk/2/hi/help/rss/4498287.stm for terms and conditions of reuse.','http://news.bbcimg.co.uk/nol/shared/img/bbc_news_120x60.gif','\0',NULL,'2013-08-01 10:09:12',NULL,4.608695652173913,0.08333333333333333,60,NULL,NULL),(13,1,27,'http://feeds.bbci.co.uk/news/world/latin_america/rss.xml','BBC News - Latin America & Caribbean','http://www.bbc.co.uk/news/world/latin_america/#sa-ns_mchannel=rss&ns_source=PublicRSS20-sa','The latest stories from the Latin America & Caribbean section of the BBC News web site.','','Copyright: (C) British Broadcasting Corporation, see http://news.bbc.co.uk/2/hi/help/rss/4498287.stm for terms and conditions of reuse.','http://news.bbcimg.co.uk/nol/shared/img/bbc_news_120x60.gif','\0',NULL,'2013-08-01 10:09:41',NULL,3.0434782608695654,0.08333333333333333,60,NULL,NULL),(14,1,8,'http://feeds.bbci.co.uk/news/world/middle_east/rss.xml','BBC News - Middle East','http://www.bbc.co.uk/news/world/middle_east/#sa-ns_mchannel=rss&ns_source=PublicRSS20-sa','The latest stories from the Middle East section of the BBC News web site.','','Copyright: (C) British Broadcasting Corporation, see http://news.bbc.co.uk/2/hi/help/rss/4498287.stm for terms and conditions of reuse.','http://news.bbcimg.co.uk/nol/shared/img/bbc_news_120x60.gif','\0',NULL,'2013-08-01 10:10:01',NULL,1.9565217391304348,0.08333333333333333,60,NULL,NULL),(15,1,4,'http://feeds.bbci.co.uk/news/world/us_and_canada/rss.xml','BBC News - US & Canada','http://www.bbc.co.uk/news/world/us_and_canada/#sa-ns_mchannel=rss&ns_source=PublicRSS20-sa','The latest stories from the US & Canada section of the BBC News web site.','','Copyright: (C) British Broadcasting Corporation, see http://news.bbc.co.uk/2/hi/help/rss/4498287.stm for terms and conditions of reuse.','http://news.bbcimg.co.uk/nol/shared/img/bbc_news_120x60.gif','\0',NULL,'2013-08-01 10:10:26',NULL,4.5,0.08333333333333333,60,NULL,NULL),(16,1,18,'http://feeds.bbci.co.uk/news/england/rss.xml','BBC News - England','http://www.bbc.co.uk/news/england/#sa-ns_mchannel=rss&ns_source=PublicRSS20-sa','The latest stories from the England section of the BBC News web site.','','Copyright: (C) British Broadcasting Corporation, see http://news.bbc.co.uk/2/hi/help/rss/4498287.stm for terms and conditions of reuse.','http://news.bbcimg.co.uk/nol/shared/img/bbc_news_120x60.gif','\0',NULL,'2013-08-01 10:10:49',NULL,1.7,0.08333333333333333,60,NULL,NULL),(17,1,19,'http://feeds.bbci.co.uk/news/northern_ireland/rss.xml','BBC News - Northern Ireland','http://www.bbc.co.uk/news/northern_ireland/#sa-ns_mchannel=rss&ns_source=PublicRSS20-sa','The latest stories from the Northern Ireland section of the BBC News web site.','','Copyright: (C) British Broadcasting Corporation, see http://news.bbc.co.uk/2/hi/help/rss/4498287.stm for terms and conditions of reuse.','http://news.bbcimg.co.uk/nol/shared/img/bbc_news_120x60.gif','\0',NULL,'2013-08-01 10:11:06',NULL,3.0588235294117645,0.08333333333333333,60,NULL,NULL),(18,1,20,'http://feeds.bbci.co.uk/news/scotland/rss.xml','BBC News - Scotland','http://www.bbc.co.uk/news/scotland/#sa-ns_mchannel=rss&ns_source=PublicRSS20-sa','The latest stories from the Scotland section of the BBC News web site.','','Copyright: (C) British Broadcasting Corporation, see http://news.bbc.co.uk/2/hi/help/rss/4498287.stm for terms and conditions of reuse.','http://news.bbcimg.co.uk/nol/shared/img/bbc_news_120x60.gif','\0',NULL,'2013-08-01 10:11:23',NULL,4.0625,0.08333333333333333,60,NULL,NULL),(19,1,21,'http://feeds.bbci.co.uk/news/wales/rss.xml','BBC News - Wales','http://www.bbc.co.uk/news/wales/#sa-ns_mchannel=rss&ns_source=PublicRSS20-sa','The latest stories from the Wales section of the BBC News web site.','','Copyright: (C) British Broadcasting Corporation, see http://news.bbc.co.uk/2/hi/help/rss/4498287.stm for terms and conditions of reuse.','http://news.bbcimg.co.uk/nol/shared/img/bbc_news_120x60.gif','\0',NULL,'2013-08-01 10:11:44',NULL,2.0434782608695654,0.08333333333333333,60,NULL,NULL),(20,1,3,'http://feeds.bbci.co.uk/news/video_and_audio/world/rss.xml','BBC News - World (Video)','http://www.bbc.co.uk/news/video_and_audio/world/#sa-ns_mchannel=rss&ns_source=PublicRSS20-sa','The latest stories from the World section of the BBC News web site.','','Copyright: (C) British Broadcasting Corporation, see http://news.bbc.co.uk/2/hi/help/rss/4498287.stm for terms and conditions of reuse.','http://news.bbcimg.co.uk/nol/shared/img/bbc_news_120x60.gif','',NULL,'2013-08-01 10:13:30',NULL,7.25,0.08333333333333333,60,NULL,NULL),(21,1,11,'http://feeds.bbci.co.uk/news/video_and_audio/uk/rss.xml','BBC News - UK (Video)','http://www.bbc.co.uk/news/video_and_audio/uk/#sa-ns_mchannel=rss&ns_source=PublicRSS20-sa','The latest stories from the UK section of the BBC News web site.','','Copyright: (C) British Broadcasting Corporation, see http://news.bbc.co.uk/2/hi/help/rss/4498287.stm for terms and conditions of reuse.','http://news.bbcimg.co.uk/nol/shared/img/bbc_news_120x60.gif','',NULL,'2013-08-01 10:14:17',NULL,3.1,0.08333333333333333,60,NULL,NULL),(22,1,12,'http://feeds.bbci.co.uk/news/video_and_audio/business/rss.xml','BBC News - Business (Video)','http://www.bbc.co.uk/news/video_and_audio/business/#sa-ns_mchannel=rss&ns_source=PublicRSS20-sa','The latest stories from the Business section of the BBC News web site.','','Copyright: (C) British Broadcasting Corporation, see http://news.bbc.co.uk/2/hi/help/rss/4498287.stm for terms and conditions of reuse.','http://news.bbcimg.co.uk/nol/shared/img/bbc_news_120x60.gif','',NULL,'2013-08-01 10:15:19',NULL,31.5,0.08333333333333333,60,NULL,NULL),(23,1,28,'http://feeds.bbci.co.uk/news/video_and_audio/politics/rss.xml','BBC News - Politics (Video)','http://www.bbc.co.uk/news/video_and_audio/politics/#sa-ns_mchannel=rss&ns_source=PublicRSS20-sa','The latest stories from the Politics section of the BBC News web site.','','Copyright: (C) British Broadcasting Corporation, see http://news.bbc.co.uk/2/hi/help/rss/4498287.stm for terms and conditions of reuse.','http://news.bbcimg.co.uk/nol/shared/img/bbc_news_120x60.gif','',NULL,'2013-08-01 10:15:47',NULL,1.7,0.08333333333333333,60,NULL,NULL),(24,1,17,'http://feeds.bbci.co.uk/news/video_and_audio/health/rss.xml','BBC News - Health (Video)','http://www.bbc.co.uk/news/video_and_audio/health/#sa-ns_mchannel=rss&ns_source=PublicRSS20-sa','The latest stories from the Health section of the BBC News web site.','','Copyright: (C) British Broadcasting Corporation, see http://news.bbc.co.uk/2/hi/help/rss/4498287.stm for terms and conditions of reuse.','http://news.bbcimg.co.uk/nol/shared/img/bbc_news_120x60.gif','',NULL,'2013-08-01 10:16:37',NULL,6.666666666666667,0.08333333333333333,60,NULL,NULL),(25,1,14,'http://feeds.bbci.co.uk/news/video_and_audio/science_and_environment/rss.xml','BBC News - Science and Environment (Video)','http://www.bbc.co.uk/news/video_and_audio/science_and_environment/#sa-ns_mchannel=rss&ns_source=PublicRSS20-sa','The latest stories from the Science and Environment section of the BBC News web site.','','Copyright: (C) British Broadcasting Corporation, see http://news.bbc.co.uk/2/hi/help/rss/4498287.stm for terms and conditions of reuse.','http://news.bbcimg.co.uk/nol/shared/img/bbc_news_120x60.gif','',NULL,'2013-08-01 10:17:14',NULL,0,0.08333333333333333,60,NULL,NULL),(26,1,13,'http://feeds.bbci.co.uk/news/video_and_audio/technology/rss.xml','BBC News - Technology (Video)','http://www.bbc.co.uk/news/video_and_audio/technology/#sa-ns_mchannel=rss&ns_source=PublicRSS20-sa','The latest stories from the Technology section of the BBC News web site.','','Copyright: (C) British Broadcasting Corporation, see http://news.bbc.co.uk/2/hi/help/rss/4498287.stm for terms and conditions of reuse.','http://news.bbcimg.co.uk/nol/shared/img/bbc_news_120x60.gif','',NULL,'2013-08-01 10:17:49',NULL,4,0.08333333333333333,60,NULL,NULL),(27,1,15,'http://feeds.bbci.co.uk/news/video_and_audio/entertainment_and_arts/rss.xml','BBC News - Entertainment and Arts (Video)','http://www.bbc.co.uk/news/video_and_audio/entertainment_and_arts/#sa-ns_mchannel=rss&ns_source=PublicRSS20-sa','The latest stories from the Entertainment and Arts section of the BBC News web site.','','Copyright: (C) British Broadcasting Corporation, see http://news.bbc.co.uk/2/hi/help/rss/4498287.stm for terms and conditions of reuse.','http://news.bbcimg.co.uk/nol/shared/img/bbc_news_120x60.gif','',NULL,'2013-08-01 10:18:51',NULL,5,0.08333333333333333,60,NULL,NULL),(28,1,29,'http://feeds.bbci.co.uk/news/magazine/rss.xml','BBC News - Magazine','http://www.bbc.co.uk/news/magazine/#sa-ns_mchannel=rss&ns_source=PublicRSS20-sa','The latest stories from the Magazine section of the BBC News web site.','','Copyright: (C) British Broadcasting Corporation, see http://news.bbc.co.uk/2/hi/help/rss/4498287.stm for terms and conditions of reuse.','http://news.bbcimg.co.uk/nol/shared/img/bbc_news_120x60.gif','\0',NULL,'2013-08-01 10:19:55',NULL,0.15716439783821162,0.08333333333333333,60,NULL,NULL),(29,1,1,'http://feeds.bbci.co.uk/news/also_in_the_news/rss.xml','BBC News - Also in the News','http://www.bbc.co.uk/news/also_in_the_news/#sa-ns_mchannel=rss&ns_source=PublicRSS20-sa','The latest stories from the Also in the News section of the BBC News web site.','','Copyright: (C) British Broadcasting Corporation, see http://news.bbc.co.uk/2/hi/help/rss/4498287.stm for terms and conditions of reuse.','http://news.bbcimg.co.uk/nol/shared/img/bbc_news_120x60.gif','\0',NULL,'2013-08-01 10:20:38',NULL,4.4,0.08333333333333333,60,NULL,NULL),(30,1,1,'http://newsrss.bbc.co.uk/rss/newsonline_uk_edition/in_pictures/rss.xml','BBC News - In Pictures','http://www.bbc.co.uk/news/in_pictures/#sa-ns_mchannel=rss&ns_source=PublicRSS20-sa','The latest stories from the In Pictures section of the BBC News web site.','','Copyright: (C) British Broadcasting Corporation, see http://news.bbc.co.uk/2/hi/help/rss/4498287.stm for terms and conditions of reuse.','http://news.bbcimg.co.uk/nol/shared/img/bbc_news_120x60.gif','\0',NULL,'2013-08-01 10:21:05',NULL,1.75,0.08333333333333333,60,NULL,NULL),(31,1,1,'http://feeds.bbci.co.uk/news/special_reports/rss.xml','BBC News - Special reports','http://www.bbc.co.uk/news/special_reports/#sa-ns_mchannel=rss&ns_source=PublicRSS20-sa','The latest stories from the Special reports section of the BBC News web site.','','Copyright: (C) British Broadcasting Corporation, see http://news.bbc.co.uk/2/hi/help/rss/4498287.stm for terms and conditions of reuse.','http://news.bbcimg.co.uk/nol/shared/img/bbc_news_120x60.gif','\0',NULL,'2013-08-01 10:21:21',NULL,1.5454545454545454,0.08333333333333333,60,NULL,NULL),(32,1,1,'http://feeds.bbci.co.uk/news/rss.xml?edition=uk','BBC News - Home (UK Edition)','http://www.bbc.co.uk/news/#sa-ns_mchannel=rss&ns_source=PublicRSS20-sa','The latest stories from the Home section of the BBC News web site.','','Copyright: (C) British Broadcasting Corporation, see http://news.bbc.co.uk/2/hi/help/rss/4498287.stm for terms and conditions of reuse.','http://news.bbcimg.co.uk/nol/shared/img/bbc_news_120x60.gif','\0',NULL,'2013-08-01 10:22:29',NULL,4.666666666666667,0.08333333333333333,60,NULL,NULL),(33,1,3,'http://feeds.bbci.co.uk/news/rss.xml?edition=int','BBC News - Home (World Edition)','http://www.bbc.co.uk/news/#sa-ns_mchannel=rss&ns_source=PublicRSS20-sa','The latest stories from the Home section of the BBC News web site.','','Copyright: (C) British Broadcasting Corporation, see http://news.bbc.co.uk/2/hi/help/rss/4498287.stm for terms and conditions of reuse.','http://news.bbcimg.co.uk/nol/shared/img/bbc_news_120x60.gif','\0',NULL,'2013-08-01 10:23:15',NULL,6.4,0.08333333333333333,60,NULL,NULL),(34,1,16,'http://newsrss.bbc.co.uk/rss/sportonline_uk_edition/front_page/rss.xml','BBC Sport - Sport','http://www.bbc.co.uk/sport/0/','The latest stories from the Sport section of the BBC Sport web site.','','Copyright: (C) British Broadcasting Corporation, see http://news.bbc.co.uk/2/hi/help/rss/4498287.stm for terms and conditions of reuse.','http://news.bbc.co.uk/sol/shared/img/sport_120x60.gif','\0',NULL,'2013-08-01 10:30:25',NULL,4.117647058823529,0.08333333333333333,60,NULL,NULL),(35,1,22,'http://newsrss.bbc.co.uk/rss/sportonline_uk_edition/football/rss.xml','BBC Sport - Football','http://www.bbc.co.uk/sport/0/football/','The latest stories from the Football section of the BBC Sport web site.','','Copyright: (C) British Broadcasting Corporation, see http://news.bbc.co.uk/2/hi/help/rss/4498287.stm for terms and conditions of reuse.','http://news.bbc.co.uk/sol/shared/img/sport_120x60.gif','\0',NULL,'2013-08-01 10:30:43',NULL,4.454545454545454,0.08333333333333333,60,NULL,NULL),(36,1,31,'http://newsrss.bbc.co.uk/rss/sportonline_uk_edition/cricket/rss.xml','BBC Sport - Cricket','http://www.bbc.co.uk/sport/0/cricket/','The latest stories from the Cricket section of the BBC Sport web site.','','Copyright: (C) British Broadcasting Corporation, see http://news.bbc.co.uk/2/hi/help/rss/4498287.stm for terms and conditions of reuse.','http://news.bbc.co.uk/sol/shared/img/sport_120x60.gif','\0',NULL,'2013-08-01 10:31:08',NULL,2.7142857142857144,0.08333333333333333,60,NULL,NULL),(37,1,33,'http://newsrss.bbc.co.uk/rss/sportonline_uk_edition/rugby_union/rss.xml','BBC Sport - Rugby Union','http://www.bbc.co.uk/sport/0/rugby-union/','The latest stories from the Rugby Union section of the BBC Sport web site.','','Copyright: (C) British Broadcasting Corporation, see http://news.bbc.co.uk/2/hi/help/rss/4498287.stm for terms and conditions of reuse.','http://news.bbc.co.uk/sol/shared/img/sport_120x60.gif','\0',NULL,'2013-08-01 10:31:29',NULL,3,0.08333333333333333,60,NULL,NULL),(38,1,34,'http://newsrss.bbc.co.uk/rss/sportonline_uk_edition/rugby_league/rss.xml','BBC Sport - Rugby League','http://www.bbc.co.uk/sport/0/rugby-league/','The latest stories from the Rugby League section of the BBC Sport web site.','','Copyright: (C) British Broadcasting Corporation, see http://news.bbc.co.uk/2/hi/help/rss/4498287.stm for terms and conditions of reuse.','http://news.bbc.co.uk/sol/shared/img/sport_120x60.gif','\0',NULL,'2013-08-01 10:31:55',NULL,0.06854894714496751,0.041666666666666664,60,NULL,NULL),(39,1,25,'http://newsrss.bbc.co.uk/rss/sportonline_uk_edition/tennis/rss.xml','BBC Sport - Tennis','http://www.bbc.co.uk/sport/0/tennis/','The latest stories from the Tennis section of the BBC Sport web site.','','Copyright: (C) British Broadcasting Corporation, see http://news.bbc.co.uk/2/hi/help/rss/4498287.stm for terms and conditions of reuse.','http://news.bbc.co.uk/sol/shared/img/sport_120x60.gif','\0',NULL,'2013-08-01 10:32:32',NULL,2.9444444444444446,0.08333333333333333,60,NULL,NULL),(40,1,23,'http://newsrss.bbc.co.uk/rss/sportonline_uk_edition/golf/rss.xml','BBC Sport - Golf','http://www.bbc.co.uk/sport/0/golf/','The latest stories from the Golf section of the BBC Sport web site.','','Copyright: (C) British Broadcasting Corporation, see http://news.bbc.co.uk/2/hi/help/rss/4498287.stm for terms and conditions of reuse.','http://news.bbc.co.uk/sol/shared/img/sport_120x60.gif','\0',NULL,'2013-08-01 10:32:59',NULL,27,0.08333333333333333,60,NULL,NULL),(41,1,24,'http://newsrss.bbc.co.uk/rss/sportonline_uk_edition/motorsport/rss.xml','BBC Sport | Motorsport | UK Edition','http://news.bbc.co.uk/go/rss/-/sport1/hi/motorsport/default.stm','The latest BBC Motorsport news: breaking news, comment and features on Formula 1, motorbikes and rallying plus MotoGP coverage.','','Copyright: (C) British Broadcasting Corporation, see http://news.bbc.co.uk/sport1/hi/help/rss/4517815.stm for terms and conditions of reuse','http://news.bbc.co.uk/sol/shared/img/sport_120x60.gif','\0',NULL,'2013-08-01 10:33:21',NULL,0.5789473684210527,0.08333333333333333,60,NULL,NULL),(42,1,35,'http://newsrss.bbc.co.uk/rss/sportonline_uk_edition/boxing/rss.xml','BBC Sport | Boxing | UK Edition','http://news.bbc.co.uk/go/rss/-/sport1/hi/boxing/default.stm','The latest BBC Boxing news plus blogs, analysis, results, schedule, rankings, boxing tips and tactics, video and audio.','','Copyright: (C) British Broadcasting Corporation, see http://news.bbc.co.uk/sport1/hi/help/rss/4517815.stm for terms and conditions of reuse','http://news.bbc.co.uk/sol/shared/img/sport_120x60.gif','\0',NULL,'2013-08-01 10:33:43',NULL,0.0765681063886908,0.041666666666666664,60,NULL,NULL),(43,1,36,'http://newsrss.bbc.co.uk/rss/sportonline_uk_edition/athletics/rss.xml','BBC Sport | Athletics | UK Edition','http://news.bbc.co.uk/go/rss/-/sport1/hi/athletics/default.stm','The latest BBC Athletics news plus blogs, analysis, results and calendar along with video, audio and links to IAAF information.','','Copyright: (C) British Broadcasting Corporation, see http://news.bbc.co.uk/sport1/hi/help/rss/4517815.stm for terms and conditions of reuse','http://news.bbc.co.uk/sol/shared/img/sport_120x60.gif','\0',NULL,'2013-08-01 10:34:25',NULL,7.5,0.08333333333333333,60,NULL,NULL),(44,1,37,'http://newsrss.bbc.co.uk/rss/sportonline_uk_edition/other_sports/snooker/rss.xml','BBC Sport - Snooker','http://www.bbc.co.uk/sport/0/snooker/','The latest stories from the Snooker section of the BBC Sport web site.','','Copyright: (C) British Broadcasting Corporation, see http://news.bbc.co.uk/2/hi/help/rss/4498287.stm for terms and conditions of reuse.','http://news.bbc.co.uk/sol/shared/img/sport_120x60.gif','\0',NULL,'2013-08-01 10:34:43',NULL,24.5,0.08333333333333333,60,NULL,NULL),(45,1,38,'http://newsrss.bbc.co.uk/rss/sportonline_uk_edition/other_sports/horse_racing/rss.xml','BBC Sport | Other Sports | Horse Racing | UK Edition','http://news.bbc.co.uk/go/rss/-/sport1/hi/other_sports/horse_racing/default.stm','The latest BBC Horse Racing news plus comment, analysis, results, calendar, tic-tac guide, racecards guide, audio and video.','','Copyright: (C) British Broadcasting Corporation, see http://news.bbc.co.uk/sport1/hi/help/rss/4517815.stm for terms and conditions of reuse','http://news.bbc.co.uk/sol/shared/img/sport_120x60.gif','\0',NULL,'2013-08-01 10:35:09',NULL,0.7142857142857143,0.08333333333333333,60,NULL,NULL),(46,1,39,'http://newsrss.bbc.co.uk/rss/sportonline_uk_edition/other_sports/cycling/rss.xml','BBC Sport | Other Sports | Cycling | UK Edition','http://news.bbc.co.uk/go/rss/-/sport1/hi/other_sports/cycling/default.stm','The latest BBC Cycling news plus comment, analysis, results, cycling tips and tactics along with video and audio.','','Copyright: (C) British Broadcasting Corporation, see http://news.bbc.co.uk/sport1/hi/help/rss/4517815.stm for terms and conditions of reuse','http://news.bbc.co.uk/sol/shared/img/sport_120x60.gif','\0',NULL,'2013-08-01 10:35:38',NULL,0.6521739130434783,0.08333333333333333,60,NULL,NULL),(47,1,40,'http://newsrss.bbc.co.uk/rss/sportonline_uk_edition/other_sports/disability_sport/rss.xml','BBC Sport | Other Sports | Disability Sport | UK Edition','http://news.bbc.co.uk/go/rss/-/sport1/hi/other_sports/disability_sport/default.stm','The latest BBC Disability Sport news plus comment, analysis, calendar, A-Z of paralympic classification, audio and video.','','Copyright: (C) British Broadcasting Corporation, see http://news.bbc.co.uk/sport1/hi/help/rss/4517815.stm for terms and conditions of reuse','http://news.bbc.co.uk/sol/shared/img/sport_120x60.gif','\0',NULL,'2013-08-01 10:36:01',NULL,3.75,0.08333333333333333,60,NULL,NULL),(48,1,41,'http://newsrss.bbc.co.uk/rss/sportonline_uk_edition/other_sports/rss.xml','BBC Sport | Other sport... | UK Edition','http://news.bbc.co.uk/go/rss/-/sport1/hi/other_sports/default.stm','The latest BBC news, results and calendars for American football, baseball, basketball, bowls, darts, ice hockey, netball, squash, and winter sports.','','Copyright: (C) British Broadcasting Corporation, see http://news.bbc.co.uk/sport1/hi/help/rss/4517815.stm for terms and conditions of reuse','http://news.bbc.co.uk/sol/shared/img/sport_120x60.gif','\0',NULL,'2013-08-01 10:36:18',NULL,1.6666666666666667,0.08333333333333333,60,NULL,NULL),(49,1,42,'http://newsrss.bbc.co.uk/rss/sportonline_uk_edition/other_sports/olympics_2012/rss.xml','BBC Sport | Olympics | London 2012 | UK Edition','http://news.bbc.co.uk/go/rss/-/sport1/hi/olympic_games/london_2012/default.stm','Get the latest Olympics news: breaking news, features, analysis, video and audio plus a guide to all the venues and the BBC Olympic Park webcam.','','Copyright: (C) British Broadcasting Corporation, see http://news.bbc.co.uk/sport1/hi/help/rss/4517815.stm for terms and conditions of reuse','http://news.bbc.co.uk/sol/shared/img/sport_120x60.gif','\0',NULL,'2013-08-01 10:36:35',NULL,15,0.08333333333333333,60,NULL,NULL),(50,1,16,'http://newsrss.bbc.co.uk/rss/sportonline_uk_edition/latest_published_stories/rss.xml','BBC Sport | Latest Published Stories | UK Edition','http://news.bbc.co.uk/sport/','Updated every minute of every day','','Copyright: (C) British Broadcasting Corporation, see link_to_terms_and_conditions_here for terms and conditions of reuse.','http://news.bbc.co.uk/sol/shared/img/sport_120x60.gif','\0',NULL,'2013-08-01 10:36:53',NULL,0,0.08333333333333333,60,NULL,NULL),(51,1,43,'http://newsrss.bbc.co.uk/rss/sportonline_uk_edition/video_and_audio/rss.xml','BBC Sport | Video and Audio | UK Edition','http://news.bbc.co.uk/go/rss/-/sport1/hi/video_and_audio/default.stm','Get the latest BBC sports news, features, interviews, highlights of events and sports masterclasses in audio and video, plus podcasts and downloads.','','Copyright: (C) British Broadcasting Corporation, see http://news.bbc.co.uk/sport1/hi/help/rss/4517815.stm for terms and conditions of reuse','http://news.bbc.co.uk/sol/shared/img/sport_120x60.gif','',NULL,'2013-08-01 10:37:21',NULL,0.10670610322946797,0.041666666666666664,60,NULL,NULL),(52,1,22,'http://newsrss.bbc.co.uk/rss/sportplayer_uk_edition/football/rss.xml','BBC Sport Player | Football','http://news.bbc.co.uk/go/rss/-/','','','Copyright: (C) British Broadcasting Corporation, see http://news.bbc.co.uk/sport1/hi/help/rss/4517815.stm for terms and conditions of reuse','http://news.bbc.co.uk/sol/shared/img/sport_120x60.gif','',NULL,'2013-08-01 11:52:57',NULL,1.0526315789473684,0.08333333333333333,60,NULL,NULL),(53,1,31,'http://newsrss.bbc.co.uk/rss/sportplayer_uk_edition/cricket/rss.xml','BBC Sport Player | Cricket','http://news.bbc.co.uk/go/rss/-/','','','Copyright: (C) British Broadcasting Corporation, see http://news.bbc.co.uk/sport1/hi/help/rss/4517815.stm for terms and conditions of reuse','http://news.bbc.co.uk/sol/shared/img/sport_120x60.gif','',NULL,'2013-08-01 11:53:25',NULL,1.25,0.08333333333333333,60,NULL,NULL),(54,1,33,'http://newsrss.bbc.co.uk/rss/sportplayer_uk_edition/rugby_union/rss.xml','BBC Sport Player | Rugby Union','http://news.bbc.co.uk/go/rss/-/','','','Copyright: (C) British Broadcasting Corporation, see http://news.bbc.co.uk/sport1/hi/help/rss/4517815.stm for terms and conditions of reuse','http://news.bbc.co.uk/sol/shared/img/sport_120x60.gif','',NULL,'2013-08-01 11:56:46',NULL,3.3333333333333335,0.08333333333333333,60,NULL,NULL),(55,1,34,'http://newsrss.bbc.co.uk/rss/sportplayer_uk_edition/rugby_league/rss.xml','BBC Sport Player | Rugby League','http://news.bbc.co.uk/go/rss/-/','','','Copyright: (C) British Broadcasting Corporation, see http://news.bbc.co.uk/sport1/hi/help/rss/4517815.stm for terms and conditions of reuse','http://news.bbc.co.uk/sol/shared/img/sport_120x60.gif','',NULL,'2013-08-01 11:57:25',NULL,2,0.08333333333333333,60,NULL,NULL),(56,1,25,'http://newsrss.bbc.co.uk/rss/sportplayer_uk_edition/tennis/rss.xml','BBC Sport Player | Tennis','http://news.bbc.co.uk/go/rss/-/','','','Copyright: (C) British Broadcasting Corporation, see http://news.bbc.co.uk/sport1/hi/help/rss/4517815.stm for terms and conditions of reuse','http://news.bbc.co.uk/sol/shared/img/sport_120x60.gif','',NULL,'2013-08-01 11:57:45',NULL,2.857142857142857,0.08333333333333333,60,NULL,NULL),(57,1,23,'http://newsrss.bbc.co.uk/rss/sportplayer_uk_edition/golf/rss.xml','BBC Sport Player | Golf','http://news.bbc.co.uk/go/rss/-/','','','Copyright: (C) British Broadcasting Corporation, see http://news.bbc.co.uk/sport1/hi/help/rss/4517815.stm for terms and conditions of reuse','http://news.bbc.co.uk/sol/shared/img/sport_120x60.gif','',NULL,'2013-08-01 11:58:02',NULL,0.8695652173913043,0.08333333333333333,60,NULL,NULL),(58,1,24,'http://newsrss.bbc.co.uk/rss/sportplayer_uk_edition/motorsport/rss.xml','BBC Sport Player | Motorsport','http://news.bbc.co.uk/go/rss/-/','','','Copyright: (C) British Broadcasting Corporation, see http://news.bbc.co.uk/sport1/hi/help/rss/4517815.stm for terms and conditions of reuse','http://news.bbc.co.uk/sol/shared/img/sport_120x60.gif','',NULL,'2013-08-01 11:58:17',NULL,1.1111111111111112,0.08333333333333333,60,NULL,NULL),(59,1,35,'http://newsrss.bbc.co.uk/rss/sportplayer_uk_edition/boxing/rss.xml','BBC Sport Player | Boxing','http://news.bbc.co.uk/go/rss/-/','','','Copyright: (C) British Broadcasting Corporation, see http://news.bbc.co.uk/sport1/hi/help/rss/4517815.stm for terms and conditions of reuse','http://news.bbc.co.uk/sol/shared/img/sport_120x60.gif','',NULL,'2013-08-01 11:58:38',NULL,10,0.08333333333333333,60,NULL,NULL),(60,1,36,'http://newsrss.bbc.co.uk/rss/sportplayer_uk_edition/athletics/rss.xml','BBC Sport Player | Athletics','http://news.bbc.co.uk/go/rss/-/','','','Copyright: (C) British Broadcasting Corporation, see http://news.bbc.co.uk/sport1/hi/help/rss/4517815.stm for terms and conditions of reuse','http://news.bbc.co.uk/sol/shared/img/sport_120x60.gif','',NULL,'2013-08-01 11:59:03',NULL,6.666666666666667,0.08333333333333333,60,NULL,NULL),(61,1,37,'http://newsrss.bbc.co.uk/rss/sportplayer_uk_edition/snooker/rss.xml','BBC Sport Player | Snooker','http://news.bbc.co.uk/go/rss/-/','','','Copyright: (C) British Broadcasting Corporation, see http://news.bbc.co.uk/sport1/hi/help/rss/4517815.stm for terms and conditions of reuse','http://news.bbc.co.uk/sol/shared/img/sport_120x60.gif','',NULL,'2013-08-01 11:59:17',NULL,3.3333333333333335,0.08333333333333333,60,NULL,NULL),(62,1,38,'http://newsrss.bbc.co.uk/rss/sportplayer_uk_edition/horse_racing/rss.xml','BBC Sport Player | Horse Racing','http://news.bbc.co.uk/go/rss/-/','','','Copyright: (C) British Broadcasting Corporation, see http://news.bbc.co.uk/sport1/hi/help/rss/4517815.stm for terms and conditions of reuse','http://news.bbc.co.uk/sol/shared/img/sport_120x60.gif','',NULL,'2013-08-01 11:59:35',NULL,1.1111111111111112,0.08333333333333333,60,NULL,NULL),(63,1,39,'http://newsrss.bbc.co.uk/rss/sportplayer_uk_edition/cycling/rss.xml','BBC Sport Player | Cycling','http://news.bbc.co.uk/go/rss/-/','','','Copyright: (C) British Broadcasting Corporation, see http://news.bbc.co.uk/sport1/hi/help/rss/4517815.stm for terms and conditions of reuse','http://news.bbc.co.uk/sol/shared/img/sport_120x60.gif','',NULL,'2013-08-01 11:59:59',NULL,10,0.08333333333333333,60,NULL,NULL),(64,1,40,'http://newsrss.bbc.co.uk/rss/sportplayer_uk_edition/disability_sport/rss.xml','BBC Sport Player | Disability Sport','http://news.bbc.co.uk/go/rss/-/','','','Copyright: (C) British Broadcasting Corporation, see http://news.bbc.co.uk/sport1/hi/help/rss/4517815.stm for terms and conditions of reuse','http://news.bbc.co.uk/sol/shared/img/sport_120x60.gif','',NULL,'2013-08-01 12:00:42',NULL,1,0.08333333333333333,60,NULL,NULL),(65,1,41,'http://newsrss.bbc.co.uk/rss/sportplayer_uk_edition/other_sport/rss.xml','BBC Sport Player | Other Sport','http://news.bbc.co.uk/go/rss/-/','','','Copyright: (C) British Broadcasting Corporation, see http://news.bbc.co.uk/sport1/hi/help/rss/4517815.stm for terms and conditions of reuse','http://news.bbc.co.uk/sol/shared/img/sport_120x60.gif','',NULL,'2013-08-01 12:01:10',NULL,2.857142857142857,0.08333333333333333,60,NULL,NULL),(66,1,16,'http://newsrss.bbc.co.uk/rss/sportplayer_uk_edition/match_of_the_day/rss.xml','BBC Sport Player | Match of the Day','http://news.bbc.co.uk/go/rss/-/','','','Copyright: (C) British Broadcasting Corporation, see http://news.bbc.co.uk/sport1/hi/help/rss/4517815.stm for terms and conditions of reuse','http://news.bbc.co.uk/sol/shared/img/sport_120x60.gif','',NULL,'2013-08-01 12:01:42',NULL,1,0.08333333333333333,60,NULL,NULL),(67,1,16,'http://newsrss.bbc.co.uk/rss/sportplayer_uk_edition/score_interactive/rss.xml','BBC Sport Player | Score Interactive','http://news.bbc.co.uk/go/rss/-/','','','Copyright: (C) British Broadcasting Corporation, see http://news.bbc.co.uk/sport1/hi/help/rss/4517815.stm for terms and conditions of reuse','http://news.bbc.co.uk/sol/shared/img/sport_120x60.gif','',NULL,'2013-08-01 12:02:06',NULL,0.7272727272727273,0.08333333333333333,60,NULL,NULL),(68,1,22,'http://newsrss.bbc.co.uk/rss/sportplayer_uk_edition/football_focus/rss.xml','BBC Sport Player | Football Focus','http://news.bbc.co.uk/go/rss/-/','','','Copyright: (C) British Broadcasting Corporation, see http://news.bbc.co.uk/sport1/hi/help/rss/4517815.stm for terms and conditions of reuse','http://news.bbc.co.uk/sol/shared/img/sport_120x60.gif','',NULL,'2013-08-01 12:02:29',NULL,0.8695652173913043,0.08333333333333333,60,NULL,NULL),(69,13,2,'http://rss.cnn.com/rss/edition.rss','CNN.com - Top Stories','http://edition.cnn.com/index.html?eref=edition','CNN.com delivers up-to-the-minute news and information on the latest top stories, weather, entertainment, politics and more.','','Copyright 2013 Cable News Network LP, LLLP.','http://i.cdn.turner.com/cnn/.e/img/1.0/logo/cnn.logo.rss.gif','\0',NULL,'2013-08-01 12:03:31',NULL,5.304347826086956,0.08333333333333333,60,NULL,NULL),(70,13,3,'http://rss.cnn.com/rss/edition_world.rss','CNN.com - World','http://www.cnn.com/WORLD/index.html?eref=rss_world','CNN.com delivers up-to-the-minute news and information on the latest top stories, weather, entertainment, politics and more.','','Copyright 2013 Cable News Network LP, LLLP.','http://i.cdn.turner.com/cnn/.e/img/1.0/logo/cnn.logo.rss.gif','\0',NULL,'2013-08-01 12:04:05',NULL,8.5,0.08333333333333333,60,NULL,NULL),(71,13,7,'http://rss.cnn.com/rss/edition_africa.rss','CNN.com - Africa','http://edition.cnn.com/AFRICA/index.html?eref=rss_africa','CNN.com delivers up-to-the-minute news and information on the latest top stories, weather, entertainment, politics and more.','','Copyright 2013 Cable News Network LP, LLLP.','http://i.cdn.turner.com/cnn/.e/img/1.0/logo/cnn.logo.rss.gif','\0',NULL,'2013-08-01 12:04:21',NULL,34,0.08333333333333333,60,NULL,NULL),(72,13,27,'http://rss.cnn.com/rss/edition_americas.rss','CNN.com - Latin America','http://edition.cnn.com/LATINAMERICA/index.html?eref=rss_latinamerica','CNN.com delivers up-to-the-minute news and information on the latest top stories, weather, entertainment, politics and more.','','Copyright 2013 Cable News Network LP, LLLP.','http://i.cdn.turner.com/cnn/.e/img/1.0/logo/cnn.logo.rss.gif','\0',NULL,'2013-08-01 12:04:43',NULL,1.25,0.08333333333333333,60,NULL,NULL),(73,13,6,'http://rss.cnn.com/rss/edition_asia.rss','CNN.com - Asia','http://edition.cnn.com/ASIA/index.html?eref=rss_asia','CNN.com delivers up-to-the-minute news and information on the latest top stories, weather, entertainment, politics and more.','','Copyright 2013 Cable News Network LP, LLLP.','http://i.cdn.turner.com/cnn/.e/img/1.0/logo/cnn.logo.rss.gif','\0',NULL,'2013-08-01 12:05:21',NULL,1.380952380952381,0.08333333333333333,60,NULL,NULL),(74,13,5,'http://rss.cnn.com/rss/edition_europe.rss','CNN.com - Europe','http://edition.cnn.com/EUROPE/index.html?eref=rss_europe','CNN.com delivers up-to-the-minute news and information on the latest top stories, weather, entertainment, politics and more.','','Copyright 2013 Cable News Network LP, LLLP.','http://i.cdn.turner.com/cnn/.e/img/1.0/logo/cnn.logo.rss.gif','\0',NULL,'2013-08-01 12:05:39',NULL,2,0.08333333333333333,60,NULL,NULL),(75,13,8,'http://rss.cnn.com/rss/edition_meast.rss','CNN.com - Middle East','http://edition.cnn.com/MIDDLEEAST/index.html?eref=rss_middleeast','CNN.com delivers up-to-the-minute news and information on the latest top stories, weather, entertainment, politics and more.','','Copyright 2013 Cable News Network LP, LLLP.','http://i.cdn.turner.com/cnn/.e/img/1.0/logo/cnn.logo.rss.gif','\0',NULL,'2013-08-01 12:05:57',NULL,1.8823529411764706,0.08333333333333333,60,NULL,NULL),(76,13,9,'http://rss.cnn.com/rss/edition_us.rss','CNN.com - U.S.','http://www.cnn.com/US/index.html?eref=rss_us','CNN.com delivers up-to-the-minute news and information on the latest top stories, weather, entertainment, politics and more.','','Copyright 2013 Cable News Network LP, LLLP.','http://i.cdn.turner.com/cnn/.e/img/1.0/logo/cnn.logo.rss.gif','\0',NULL,'2013-08-01 12:06:27',NULL,6.75,0.08333333333333333,60,NULL,NULL),(77,13,12,'http://rss.cnn.com/rss/edition_business.rss','CNN.com - Business','http://edition.cnn.com/BUSINESS/index.html?eref=rss_business','CNN.com delivers up-to-the-minute news and information on the latest top stories, weather, entertainment, politics and more.','','Copyright 2013 Cable News Network LP, LLLP.','http://i.cdn.turner.com/cnn/.e/img/1.0/logo/cnn.logo.rss.gif','\0',NULL,'2013-08-01 12:06:45',NULL,1.9523809523809523,0.08333333333333333,60,NULL,NULL),(78,13,13,'http://rss.cnn.com/rss/edition_technology.rss','CNN.com - Technology','http://www.cnn.com/TECH/index.html?eref=rss_tech','CNN.com delivers up-to-the-minute news and information on the latest top stories, weather, entertainment, politics and more.','','Copyright 2013 Cable News Network LP, LLLP.','http://i.cdn.turner.com/cnn/.e/img/1.0/logo/cnn.logo.rss.gif','\0',NULL,'2013-08-01 12:07:16',NULL,0.8095238095238095,0.08333333333333333,60,NULL,NULL),(79,13,14,'http://rss.cnn.com/rss/edition_space.rss','CNN.com - Science and Space','http://edition.cnn.com/TECH/space/?eref=edition_space','CNN.com delivers up-to-the-minute news and information on the latest top stories, weather, entertainment, politics and more.','','© 2008 Cable News Network LP, LLLP.','http://i2.cdn.turner.com/cnn/.element/img/1.0/logo/cnn.logo.rss.gif','\0',NULL,'2013-08-01 12:07:47',NULL,1.6666666666666667,0.08333333333333333,60,NULL,NULL),(80,13,15,'http://rss.cnn.com/rss/edition_entertainment.rss','CNN.com - Entertainment','http://www.cnn.com/SHOWBIZ/index.html?eref=rss_showbiz','CNN.com delivers up-to-the-minute news and information on the latest top stories, weather, entertainment, politics and more.','','Copyright 2013 Cable News Network LP, LLLP.','http://i.cdn.turner.com/cnn/.e/img/1.0/logo/cnn.logo.rss.gif','\0',NULL,'2013-08-01 12:08:13',NULL,7.333333333333333,0.08333333333333333,60,NULL,NULL),(81,13,16,'http://rss.cnn.com/rss/edition_sport.rss','CNN.com - Sport','http://edition.cnn.com/SPORT/index.html?eref=rss_sport','CNN.com delivers up-to-the-minute news and information on the latest top stories, weather, entertainment, politics and more.','','Copyright 2013 Cable News Network LP, LLLP.','http://i.cdn.turner.com/cnn/.e/img/1.0/logo/cnn.logo.rss.gif','\0',NULL,'2013-08-01 12:08:32',NULL,4.230769230769231,0.08333333333333333,60,NULL,NULL),(82,13,22,'http://rss.cnn.com/rss/edition_football.rss','CNN.com - Football','http://edition.cnn.com/SPORT/football/index.html?eref=rss_football','CNN.com delivers up-to-the-minute news and information on the latest top stories, weather, entertainment, politics and more.','','Copyright 2013 Cable News Network LP, LLLP.','http://i.cdn.turner.com/cnn/.e/img/1.0/logo/cnn.logo.rss.gif','\0',NULL,'2013-08-01 12:09:02',NULL,1.8333333333333333,0.08333333333333333,60,NULL,NULL),(83,13,23,'http://rss.cnn.com/rss/edition_golf.rss','CNN.com - Golf','http://edition.cnn.com/SPORT/golf/index.html?eref=rss_golf','CNN.com delivers up-to-the-minute news and information on the latest top stories, weather, entertainment, politics and more.','','Copyright 2013 Cable News Network LP, LLLP.','http://i.cdn.turner.com/cnn/.e/img/1.0/logo/cnn.logo.rss.gif','\0',NULL,'2013-08-01 12:09:51',NULL,2.3,0.08333333333333333,60,NULL,NULL),(84,13,24,'http://rss.cnn.com/rss/edition_motorsport.rss','CNN.com - Motorsport','http://edition.cnn.com/SPORT/motorsport/index.html?eref=rss_motorsport','CNN.com delivers up-to-the-minute news and information on the latest top stories, weather, entertainment, politics and more.','','Copyright 2013 Cable News Network LP, LLLP.','http://i.cdn.turner.com/cnn/.e/img/1.0/logo/cnn.logo.rss.gif','\0',NULL,'2013-08-01 12:10:06',NULL,1.3333333333333333,0.08333333333333333,60,NULL,NULL),(85,13,25,'http://rss.cnn.com/rss/edition_tennis.rss','CNN.com - Tennis','http://edition.cnn.com/SPORT/tennis/index.html?eref=rss_tennis','CNN.com delivers up-to-the-minute news and information on the latest top stories, weather, entertainment, politics and more.','','Copyright 2013 Cable News Network LP, LLLP.','http://i.cdn.turner.com/cnn/.e/img/1.0/logo/cnn.logo.rss.gif','\0',NULL,'2013-08-01 12:10:25',NULL,2.5555555555555554,0.08333333333333333,60,NULL,NULL),(86,13,26,'http://rss.cnn.com/rss/edition_travel.rss','CNN.com - Travel','http://edition.cnn.com/TRAVEL/index.html?eref=rss_travel','CNN.com delivers up-to-the-minute news and information on the latest top stories, weather, entertainment, politics and more.','','Copyright 2013 Cable News Network LP, LLLP.','http://i.cdn.turner.com/cnn/.e/img/1.0/logo/cnn.logo.rss.gif','\0',NULL,'2013-08-01 12:10:46',NULL,1.6875,0.08333333333333333,60,NULL,NULL),(87,13,1,'http://rss.cnn.com/rss/cnn_freevideo.rss','CNN.com - Video','http://www.cnn.com/video/','CNN.com delivers up-to-the-minute news and information on the latest top stories, weather, entertainment, politics and more.','','© 2013 Cable News Network LP, LLLP.','http://i2.cdn.turner.com/cnn/.element/img/1.0/logo/cnn.logo.rss.gif','',NULL,'2013-08-01 12:11:09',NULL,4.166666666666667,0.08333333333333333,60,NULL,NULL),(88,13,1,'http://rss.cnn.com/rss/cnn_latest.rss','CNN.com Recently Published/Updated','http://www.cnn.com/?eref=rss_latest','CNN.com delivers up-to-the-minute news and information on the latest top stories, weather, entertainment, politics and more.','','Copyright 2013 Cable News Network LP, LLLP.','http://i.cdn.turner.com/cnn/.e/img/1.0/logo/cnn.logo.rss.gif','\0',NULL,'2013-08-01 12:11:28',NULL,4.545454545454546,0.08333333333333333,60,NULL,NULL),(89,15,2,'http://feeds.nbcnews.com/feeds/topstories','Top NBCNews headlines','http://www.nbcnews.com/','Top NBCNews headlines','','© 2013 NBCNews.com','','\0',NULL,'2013-08-02 11:46:13',NULL,2.272727272727273,0.08333333333333333,60,NULL,NULL),(90,15,2,'http://feeds.nbcnews.com/feeds/topvideo','Top videos','http://www.nbcnews.com/','Top videos','','© 2013 NBCNews.com','','',NULL,'2013-08-02 11:47:05',NULL,6.25,0.08333333333333333,60,NULL,NULL),(91,15,9,'http://feeds.nbcnews.com/feeds/usnews','NBC News U.S. News','http://www.nbcnews.com/','NBC News U.S. News','','© 2013 NBCNews.com','','\0',NULL,'2013-08-02 11:47:22',NULL,2.7777777777777777,0.08333333333333333,60,NULL,NULL),(92,15,28,'http://feeds.nbcnews.com/feeds/nbcpolitics','NBC Politics','http://www.nbcnews.com/','NBC Politics','','© 2013 NBCNews.com','','\0',NULL,'2013-08-02 11:48:04',NULL,1.25,0.08333333333333333,60,NULL,NULL),(93,15,12,'http://feeds.nbcnews.com/feeds/business','NBC News Business','http://www.nbcnews.com/','NBC News Business','','© 2013 NBCNews.com','','\0',NULL,'2013-08-02 11:48:44',NULL,12.5,0.08333333333333333,60,NULL,NULL),(94,15,15,'http://feeds.nbcnews.com/feeds/todayentertainment','TODAY Entertainment','http://www.nbcnews.com/','TODAY Entertainment','','© 2013 NBCNews.com','','\0',NULL,'2013-08-02 11:49:04',NULL,3.5714285714285716,0.08333333333333333,60,NULL,NULL),(95,15,17,'http://feeds.nbcnews.com/feeds/health','NBC News Health','http://www.nbcnews.com/','NBC News Health','','© 2013 NBCNews.com','','\0',NULL,'2013-08-02 11:49:36',NULL,2.5,0.08333333333333333,60,NULL,NULL),(96,15,13,'http://feeds.nbcnews.com/feeds/technology','NBC News Technology','http://www.nbcnews.com/','NBC News Technology','','© 2013 NBCNews.com','','\0',NULL,'2013-08-02 11:50:02',NULL,1.0869565217391304,0.08333333333333333,60,NULL,NULL),(97,15,26,'http://feeds.nbcnews.com/feeds/travel','NBC News Travel','http://www.nbcnews.com/','NBC News Travel','','© 2013 NBCNews.com','','\0',NULL,'2013-08-02 11:50:24',NULL,4.166666666666667,0.08333333333333333,60,NULL,NULL),(98,15,2,'http://feeds.nbcnews.com/feeds/todaytopstories','Today','http://www.nbcnews.com/','Today','','© 2013 NBCNews.com','','\0',NULL,'2013-08-02 11:51:19',NULL,1.25,0.08333333333333333,60,NULL,NULL),(99,15,44,'http://rss.msnbc.msn.com/id/8884853/device/rss/rss.xml','NBCNews.com: Life','http://www.nbcnews.com/id/8884857/ns/us_news-life/','NBCNews.com is a leader in breaking news and original journalism.','','Copyright 2013 msnbc.com','http://msnbcmedia.msn.com/i/msnbc/SiteManagement/SiteWide/Images/nbcnews_logo.gif','\0',NULL,'2013-08-02 11:53:19',NULL,2.857142857142857,0.08333333333333333,60,NULL,NULL),(100,15,45,'http://rss.msnbc.msn.com/id/3032571/device/rss/rss.xml','NBCNews.com: Security','http://www.nbcnews.com/id/3032572/ns/us_news-security/','NBCNews.com is a leader in breaking news and original journalism.','','Copyright 2013 msnbc.com','http://msnbcmedia.msn.com/i/msnbc/SiteManagement/SiteWide/Images/nbcnews_logo.gif','\0',NULL,'2013-08-02 11:53:58',NULL,1.0666666666666667,0.08333333333333333,60,NULL,NULL),(101,15,9,'http://rss.msnbc.msn.com/id/21657361/device/rss/rss.xml','NBCNews.com: Giving','http://www.nbcnews.com/id/15705119/ns/us_news-giving/','NBCNews.com is a leader in breaking news and original journalism.','','Copyright 2013 msnbc.com','http://msnbcmedia.msn.com/i/msnbc/SiteManagement/SiteWide/Images/nbcnews_logo.gif','\0',NULL,'2013-08-02 11:54:26',NULL,0.43478260869565216,0.08333333333333333,60,NULL,NULL),(102,15,47,'http://feeds.nbcnews.com/feeds/weird','Weird news','http://www.nbcnews.com/','Weird news','','© 2013 NBCNews.com','','\0',NULL,'2013-08-02 11:55:45',NULL,0,0.08333333333333333,60,NULL,NULL),(103,15,7,'http://rss.msnbc.msn.com/id/3036013/device/rss/rss.xml','NBCNews.com: Africa','http://www.nbcnews.com/id/3036014/ns/world_news-africa/','NBCNews.com is a leader in breaking news and original journalism.','','Copyright 2013 msnbc.com','http://msnbcmedia.msn.com/i/msnbc/SiteManagement/SiteWide/Images/nbcnews_logo.gif','\0',NULL,'2013-08-02 11:56:09',NULL,0,0.08333333333333333,60,NULL,NULL),(104,15,27,'http://rss.msnbc.msn.com/id/3036018/device/rss/rss.xml','NBCNews.com: Americas','http://www.nbcnews.com/id/3036019/ns/world_news-americas/','NBCNews.com is a leader in breaking news and original journalism.','','Copyright 2013 msnbc.com','http://msnbcmedia.msn.com/i/msnbc/SiteManagement/SiteWide/Images/nbcnews_logo.gif','\0',NULL,'2013-08-02 11:56:54',NULL,0.9333333333333333,0.08333333333333333,60,NULL,NULL),(105,15,6,'http://rss.msnbc.msn.com/id/3036058/device/rss/rss.xml','NBCNews.com: Asia-Pacific','http://www.nbcnews.com/id/3036059/ns/world_news-asia_pacific/','NBCNews.com is a leader in breaking news and original journalism.','','Copyright 2013 msnbc.com','http://msnbcmedia.msn.com/i/msnbc/SiteManagement/SiteWide/Images/nbcnews_logo.gif','\0',NULL,'2013-08-02 11:57:19',NULL,0,0.08333333333333333,60,NULL,NULL),(106,15,5,'http://rss.msnbc.msn.com/id/3036033/device/rss/rss.xml','NBCNews.com: Europe','http://www.nbcnews.com/id/3036034/ns/world_news-europe/','NBCNews.com is a leader in breaking news and original journalism.','','Copyright 2013 msnbc.com','http://msnbcmedia.msn.com/i/msnbc/SiteManagement/SiteWide/Images/nbcnews_logo.gif','\0',NULL,'2013-08-02 11:57:52',NULL,2.090909090909091,0.08333333333333333,60,NULL,NULL),(107,15,8,'http://rss.msnbc.msn.com/id/3036050/device/rss/rss.xml','NBCNews.com: Mideast & N. Africa','http://www.nbcnews.com/id/3036051/ns/world_news-mideast_n_africa/','NBCNews.com is a leader in breaking news and original journalism.','','Copyright 2013 msnbc.com','http://msnbcmedia.msn.com/i/msnbc/SiteManagement/SiteWide/Images/nbcnews_logo.gif','\0',NULL,'2013-08-02 11:58:52',NULL,5.75,0.08333333333333333,60,NULL,NULL),(108,15,6,'http://rss.msnbc.msn.com/id/3036028/device/rss/rss.xml','NBCNews.com: South & Central Asia','http://www.nbcnews.com/id/3036029/ns/world_news-south_and_central_asia/','NBCNews.com is a leader in breaking news and original journalism.','','Copyright 2013 msnbc.com','http://msnbcmedia.msn.com/i/msnbc/SiteManagement/SiteWide/Images/nbcnews_logo.gif','\0',NULL,'2013-08-02 11:59:49',NULL,5,0.08333333333333333,60,NULL,NULL),(109,15,3,'http://rss.msnbc.msn.com/id/13282720/device/rss/rss.xml','NBCNews.com: Wonderful World','http://www.nbcnews.com/id/13282721/ns/world_news-wonderful_world/','NBCNews.com is a leader in breaking news and original journalism.','','Copyright 2013 msnbc.com','http://msnbcmedia.msn.com/i/msnbc/SiteManagement/SiteWide/Images/nbcnews_logo.gif','\0',NULL,'2013-08-02 12:00:18',NULL,1.125,0.08333333333333333,60,NULL,NULL),(111,15,13,'http://rss.msnbc.msn.com/id/3033117/device/rss/rss.xml','NBCNews.com: Tech and gadgets','http://www.nbcnews.com/id/3033118/ns/technology_and_science-tech_and_gadgets/','NBCNews.com is a leader in breaking news and original journalism.','','Copyright 2013 msnbc.com','http://msnbcmedia.msn.com/i/msnbc/SiteManagement/SiteWide/Images/nbcnews_logo.gif','\0',NULL,'2013-08-02 12:03:37',NULL,0.8181818181818182,0.08333333333333333,60,NULL,NULL),(113,15,26,'http://rss.msnbc.msn.com/id/7394114/device/rss/rss.xml','NBCNews.com: Travel Tips','http://www.nbcnews.com/id/7394115/ns/travel-travel_tips/','NBCNews.com is a leader in breaking news and original journalism.','','Copyright 2013 msnbc.com','http://msnbcmedia.msn.com/i/msnbc/SiteManagement/SiteWide/Images/nbcnews_logo.gif','\0',NULL,'2013-08-02 12:04:26',NULL,12.666666666666666,0.08333333333333333,60,NULL,NULL),(114,15,51,'http://rss.msnbc.msn.com/id/6559151/device/rss/rss.xml','NBCNews.com: Business Travel','http://www.nbcnews.com/id/6559150/ns/travel-business_travel/','NBCNews.com is a leader in breaking news and original journalism.','','Copyright 2013 msnbc.com','http://msnbcmedia.msn.com/i/msnbc/SiteManagement/SiteWide/Images/nbcnews_logo.gif','\0',NULL,'2013-08-02 12:06:41',NULL,7.333333333333333,0.08333333333333333,60,NULL,NULL),(115,15,26,'http://rss.msnbc.msn.com/id/9341043/device/rss/rss.xml','NBCNews.com: Seasonal Travel','http://www.nbcnews.com/id/9341026/ns/travel-seasonal_travel/','NBCNews.com is a leader in breaking news and original journalism.','','Copyright 2013 msnbc.com','http://msnbcmedia.msn.com/i/msnbc/SiteManagement/SiteWide/Images/nbcnews_logo.gif','\0',NULL,'2013-08-02 12:07:03',NULL,1.2857142857142858,0.08333333333333333,60,NULL,NULL),(116,15,50,'http://rss.msnbc.msn.com/id/7184224/device/rss/rss.xml','NBCNews.com: Family Travel','http://www.nbcnews.com/id/7184213/ns/travel-family/','NBCNews.com is a leader in breaking news and original journalism.','','Copyright 2013 msnbc.com','http://msnbcmedia.msn.com/i/msnbc/SiteManagement/SiteWide/Images/nbcnews_logo.gif','\0',NULL,'2013-08-02 12:07:33',NULL,0.6842105263157895,0.08333333333333333,60,NULL,NULL),(117,15,48,'http://rss.msnbc.msn.com/id/6891023/device/rss/rss.xml','NBCNews.com: Cruise Travel','http://www.nbcnews.com/id/6891010/ns/travel-cruise_travel/','NBCNews.com is a leader in breaking news and original journalism.','','Copyright 2013 msnbc.com','http://msnbcmedia.msn.com/i/msnbc/SiteManagement/SiteWide/Images/nbcnews_logo.gif','\0',NULL,'2013-08-02 12:08:03',NULL,1.5333333333333334,0.08333333333333333,60,NULL,NULL),(118,15,49,'http://rss.msnbc.msn.com/id/6576212/device/rss/rss.xml','NBCNews.com: Active Travel','http://www.nbcnews.com/id/6576217/ns/travel-active_travel/','NBCNews.com is a leader in breaking news and original journalism.','','Copyright 2013 msnbc.com','http://msnbcmedia.msn.com/i/msnbc/SiteManagement/SiteWide/Images/nbcnews_logo.gif','\0',NULL,'2013-08-02 12:08:22',NULL,2.2857142857142856,0.08333333333333333,60,NULL,NULL),(119,15,26,'http://rss.msnbc.msn.com/id/20996187/device/rss/rss.xml','NBCNews.com: Destinations','http://www.nbcnews.com/id/9521376/ns/travel-destination_travel/','NBCNews.com is a leader in breaking news and original journalism.','','Copyright 2013 msnbc.com','http://msnbcmedia.msn.com/i/msnbc/SiteManagement/SiteWide/Images/nbcnews_logo.gif','\0',NULL,'2013-08-02 12:08:42',NULL,1.8333333333333333,0.08333333333333333,60,NULL,NULL),(120,15,1,'http://feeds.nbcnews.com/feeds/photoblog','NBC News Photos','http://www.nbcnews.com/','NBC News Photos','','© 2013 NBCNews.com','','\0',NULL,'2013-08-02 12:09:21',NULL,8.333333333333334,0.08333333333333333,60,NULL,NULL),(121,12,1,'http://feeds.foxnews.com/foxnews/latest','FOXNews.com','http://www.foxnews.com/','FOX News Channel - We Report. You Decide.','foxnewsonline@foxnews.com','Copyright 2013 FOX News Channel','http://www.foxnews.com/images/headers/fnc_logo.gif','\0',NULL,'2013-08-02 12:11:53',NULL,0,0.08333333333333333,60,NULL,NULL),(122,12,2,'http://feeds.foxnews.com/foxnews/most-popular','FOX News','http://www.foxnews.com/','FOXNews.com - Breaking news and video. Latest Current News: U.S., World, Entertainment, Health, Business, Technology, Politics, Sports.','','','','\0',NULL,'2013-08-02 12:12:26',NULL,0.85,0.08333333333333333,60,NULL,NULL),(123,12,15,'http://feeds.foxnews.com/foxnews/entertainment','FOX News','http://www.foxnews.com/','FOXNews.com - Breaking news and video. Latest Current News: U.S., World, Entertainment, Health, Business, Technology, Politics, Sports.','','','','\0',NULL,'2013-08-02 12:12:53',NULL,0.5,0.08333333333333333,60,NULL,NULL),(124,12,17,'http://feeds.foxnews.com/foxnews/health','FOXNews.com','http://www.foxnews.com/health','FOX News Network - We Report. You Decide.','','Copyright 2013 FOX News Network','','\0',NULL,'2013-08-02 12:13:13',NULL,0.47619047619047616,0.08333333333333333,60,NULL,NULL),(125,12,29,'http://feeds.foxnews.com/foxnews/section/lifestyle','FOX News','http://www.foxnews.com/','FOXNews.com - Breaking news and video. Latest Current News: U.S., World, Entertainment, Health, Business, Technology, Politics, Sports.','','','','\0',NULL,'2013-08-02 12:13:32',NULL,0.625,0.08333333333333333,60,NULL,NULL),(126,12,1,'http://feeds.foxnews.com/foxnews/opinion','FOXNews.com','http://www.foxnews.com/opinion','FOX News Network - We Report. You Decide.','','Copyright 2013 FOX News Network','','\0',NULL,'2013-08-02 12:14:06',NULL,10,0.08333333333333333,60,NULL,NULL),(127,12,28,'http://feeds.foxnews.com/foxnews/politics','FOXNews.com','http://www.foxnews.com','FOX News Network - We Report. You Decide.','','Copyright 2009 FOX News Network','','\0',NULL,'2013-08-02 12:14:20',NULL,1.3333333333333333,0.08333333333333333,60,NULL,NULL),(128,12,14,'http://feeds.foxnews.com/foxnews/science','FOX News','http://www.foxnews.com/','FOXNews.com - Breaking news and video. Latest Current News: U.S., World, Entertainment, Health, Business, Technology, Politics, Sports.','','','','\0',NULL,'2013-08-02 12:14:43',NULL,0.43478260869565216,0.08333333333333333,60,NULL,NULL),(129,12,16,'http://feeds.foxnews.com/foxnews/sports','FOXNews.com','http://www.foxnews.com','FOX News Network - We Report. You Decide.','','Copyright 2009 FOX News Network','','\0',NULL,'2013-08-02 12:15:05',NULL,2.857142857142857,0.08333333333333333,60,NULL,NULL),(130,12,13,'http://feeds.foxnews.com/foxnews/tech','FOX News','http://www.foxnews.com/','FOXNews.com - Breaking news and video. Latest Current News: U.S., World, Entertainment, Health, Business, Technology, Politics, Sports.','','','','\0',NULL,'2013-08-02 12:15:23',NULL,0.5263157894736842,0.08333333333333333,60,NULL,NULL),(131,12,26,'http://feeds.foxnews.com/foxnews/internal/travel/mixed','FOXNews.com','http://www.foxnews.com/travel','FOX News Network - We Report. You Decide.','','Copyright 2013 FOX News Network','','\0',NULL,'2013-08-02 12:15:53',NULL,3.3333333333333335,0.08333333333333333,60,NULL,NULL),(132,12,9,'http://feeds.foxnews.com/foxnews/national','FOX News','http://www.foxnews.com/','FOXNews.com - Breaking news and video. Latest Current News: U.S., World, Entertainment, Health, Business, Technology, Politics, Sports.','','','','\0',NULL,'2013-08-02 12:16:18',NULL,3.3333333333333335,0.08333333333333333,60,NULL,NULL),(133,12,1,'http://feeds.foxnews.com/foxnews/video','Latest News','http://video.foxnews.com/v/feed/playlist/87937.rss','','','','','',NULL,'2013-08-02 12:16:40',NULL,6.666666666666667,0.08333333333333333,60,NULL,NULL),(134,12,3,'http://feeds.foxnews.com/foxnews/world','FOX News','http://www.foxnews.com/','FOXNews.com - Breaking news and video. Latest Current News: U.S., World, Entertainment, Health, Business, Technology, Politics, Sports.','','','','\0',NULL,'2013-08-02 12:16:57',NULL,10,0.08333333333333333,60,NULL,NULL),(135,10,2,'http://feeds.abcnews.com/abcnews/topstories','ABC News: Top Stories','http://abcnews.go.com/','ABC News: Top Stories','','','http://a.abcnews.com/images/site/abcnews_google_rss_logo.png','\0',NULL,'2013-08-02 12:19:48',NULL,5,0.08333333333333333,60,NULL,NULL),(136,10,3,'http://feeds.abcnews.com/abcnews/internationalheadlines','ABC News: International','http://abcnews.go.com/International/','ABC News: International','','','http://a.abcnews.com/images/site/abcnews_google_rss_logo.png','\0',NULL,'2013-08-02 12:20:03',NULL,4.166666666666667,0.08333333333333333,60,NULL,NULL),(137,10,9,'http://feeds.abcnews.com/abcnews/usheadlines','ABC News: U.S.','http://abcnews.go.com/US/','ABC News: US','','','http://a.abcnews.com/images/site/abcnews_google_rss_logo.png','\0',NULL,'2013-08-02 12:20:18',NULL,2.272727272727273,0.08333333333333333,60,NULL,NULL),(138,10,28,'http://feeds.abcnews.com/abcnews/politicsheadlines','ABC News: Politics','http://abcnews.go.com/Politics/','ABC News: Politics','','','http://a.abcnews.com/images/site/abcnews_google_rss_logo.png','\0',NULL,'2013-08-02 12:20:35',NULL,1.9230769230769231,0.08333333333333333,60,NULL,NULL),(139,10,52,'http://feeds.abcnews.com/abcnews/moneyheadlines','ABC News: Money','http://abcnews.go.com/Business/','ABC News: Business','','','http://a.abcnews.com/images/site/abcnews_google_rss_logo.png','\0',NULL,'2013-08-02 12:21:24',NULL,1.4705882352941178,0.08333333333333333,60,NULL,NULL),(140,10,13,'http://feeds.abcnews.com/abcnews/technologyheadlines','ABC News: Technology','http://abcnews.go.com/Technology/','ABC News: Technology','','','http://a.abcnews.com/images/site/abcnews_google_rss_logo.png','\0',NULL,'2013-08-02 12:21:44',NULL,2.272727272727273,0.08333333333333333,60,NULL,NULL),(141,10,17,'http://feeds.abcnews.com/abcnews/healthheadlines','ABC News: Health','http://abcnews.go.com/Health/','ABC News: Health','','','http://a.abcnews.com/images/site/abcnews_google_rss_logo.png','\0',NULL,'2013-08-02 12:22:03',NULL,2.7777777777777777,0.08333333333333333,60,NULL,NULL),(142,10,15,'http://feeds.abcnews.com/abcnews/entertainmentheadlines','ABC News: Entertainment','http://abcnews.go.com/Entertainment/','ABC News: Entertainment','','','http://a.abcnews.com/images/site/abcnews_google_rss_logo.png','\0',NULL,'2013-08-02 12:22:19',NULL,1.5625,0.08333333333333333,60,NULL,NULL),(143,10,26,'http://feeds.abcnews.com/abcnews/travelheadlines','ABC News: Travel','http://abcnews.go.com/Travel/','ABC News: Travel','','','http://a.abcnews.com/images/site/abcnews_google_rss_logo.png','\0',NULL,'2013-08-02 12:22:59',NULL,1.3157894736842106,0.08333333333333333,60,NULL,NULL),(144,10,16,'http://feeds.abcnews.com/abcnews/sportsheadlines','ABC News: ESPN Sports','http://abcnews.go.com/Sports/','ABC News: Sports','','','http://a.abcnews.com/images/site/abcnews_google_rss_logo.png','\0',NULL,'2013-08-02 12:23:25',NULL,3.5714285714285716,0.08333333333333333,60,NULL,NULL),(145,10,3,'http://feeds.abcnews.com/abcnews/worldnewsheadlines','ABC News: World News','http://abcnews.go.com/WN/','ABC News: WN','','','http://a.abcnews.com/images/site/abcnews_google_rss_logo.png','\0',NULL,'2013-08-02 12:23:46',NULL,1.5625,0.08333333333333333,60,NULL,NULL),(146,10,2,'http://feeds.abcnews.com/abcnews/mostviewedvideos','ABC News: Most Viewed Videos','http://abcnews.go.com','ABC News: Most Popular Videos','','','http://a.abcnews.com/images/site/abcnews_google_rss_logo.png','',NULL,'2013-08-02 12:25:38',NULL,1.3888888888888888,0.08333333333333333,60,NULL,NULL),(147,2,11,'http://www.telegraph.co.uk/news/uknews/rss','UK headlines','http://www.telegraph.co.uk/news/uknews/','Latest UK headlines on breaking UK stories from around Britain from Telegraph.co.uk','','℗ & © 2013 of Telegraph Media Group Limited. Please refer to the Terms and Conditions of Use at http://www.telegraph.co.uk/rss','http://www.telegraph.co.uk/telegraph/template/ver1-0/i/rss/tcuk_main.png','\0',NULL,'2013-08-02 12:28:52',NULL,4.166666666666667,0.08333333333333333,60,NULL,NULL),(148,2,3,'http://www.telegraph.co.uk/news/worldnews/rss','World news','http://www.telegraph.co.uk/news/worldnews/','Get the latest World news and international news from the Telegraph. Your source for US, Europe, China and African news.','','℗ & © 2013 of Telegraph Media Group Limited. Please refer to the Terms and Conditions of Use at http://www.telegraph.co.uk/rss','http://www.telegraph.co.uk/telegraph/template/ver1-0/i/rss/tcuk_main.png','\0',NULL,'2013-08-02 12:29:18',NULL,1.5625,0.08333333333333333,60,NULL,NULL),(149,2,28,'http://www.telegraph.co.uk/news/politics/rss','Politics News - UK Politics','http://www.telegraph.co.uk/news/politics/','Politics news: Prime Minister David Cameron and his coalition government with Nick Clegg and the latest on the Conservative, Labour and Liberal Democrat parties.','','℗ & © 2013 of Telegraph Media Group Limited. Please refer to the Terms and Conditions of Use at http://www.telegraph.co.uk/rss','http://www.telegraph.co.uk/telegraph/template/ver1-0/i/rss/tcuk_main.png','\0',NULL,'2013-08-02 12:29:46',NULL,1.1363636363636365,0.08333333333333333,60,NULL,NULL),(150,2,13,'http://www.telegraph.co.uk/technology/news/rss','Technology News','http://www.telegraph.co.uk/technology/news/','Get the latest technology news, comment and anlaysis from the Telegraph.','','℗ & © 2013 of Telegraph Media Group Limited. Please refer to the Terms and Conditions of Use at http://www.telegraph.co.uk/rss','http://www.telegraph.co.uk/telegraph/template/ver1-0/i/rss/tcuk_main.png','\0',NULL,'2013-08-02 12:30:15',NULL,1.25,0.08333333333333333,60,NULL,NULL),(151,2,52,'http://www.telegraph.co.uk/finance/rss','Finance News - Business news from the UK and world','http://www.telegraph.co.uk/finance/','Latest financial news, breaking business news, stocks and share prices from the UK and world from Telegraph.co.uk','','℗ & © 2013 of Telegraph Media Group Limited. Please refer to the Terms and Conditions of Use at http://www.telegraph.co.uk/rss','http://www.telegraph.co.uk/telegraph/template/ver1-0/i/rss/tcuk_main.png','\0',NULL,'2013-08-02 12:31:09',NULL,4.166666666666667,0.08333333333333333,60,NULL,NULL),(152,2,16,'http://www.telegraph.co.uk/sport/rss','Sport','http://www.telegraph.co.uk/sport/','Latest sport news, fixtures and match reports from columnists Henry Winter, Alan Hansen, Paul Hayward and more.','','℗ & © 2013 of Telegraph Media Group Limited. Please refer to the Terms and Conditions of Use at http://www.telegraph.co.uk/rss','http://www.telegraph.co.uk/telegraph/template/ver1-0/i/rss/tcuk_main.png','\0',NULL,'2013-08-02 12:31:26',NULL,1.9230769230769231,0.08333333333333333,60,NULL,NULL),(153,2,22,'http://www.telegraph.co.uk/sport/football/rss','Football - Fixtures, results, news, match reports, comment','http://www.telegraph.co.uk/sport/football/','Get all the latest football news and lives scores on the English Premier League, Champions League, FA Cup, European and Uefa Cup plus fantasy football and Premiership video highlights.','','℗ & © 2013 of Telegraph Media Group Limited. Please refer to the Terms and Conditions of Use at http://www.telegraph.co.uk/rss','http://www.telegraph.co.uk/telegraph/template/ver1-0/i/rss/tcuk_main.png','\0',NULL,'2013-08-02 12:32:54',NULL,1.1904761904761905,0.08333333333333333,60,NULL,NULL),(154,2,26,'http://www.telegraph.co.uk/travel/travelnews/rss','Travel news','http://www.telegraph.co.uk/travel/travelnews/','All the latest travel and tourism news from the Telegraph including swine flu travel advice','','℗ & © 2013 of Telegraph Media Group Limited. Please refer to the Terms and Conditions of Use at http://www.telegraph.co.uk/rss','http://www.telegraph.co.uk/telegraph/template/ver1-0/i/rss/tcuk_main.png','\0',NULL,'2013-08-02 12:33:20',NULL,1.1363636363636365,0.08333333333333333,60,NULL,NULL),(155,2,52,'http://www.telegraph.co.uk/finance/personalfinance/rss','Personal finance news, how to make money, how to save money','http://www.telegraph.co.uk/finance/personalfinance/','Personal finance news including expert tips on how to make money, save money and look after your personal finances from telegraph.co.uk','','℗ & © 2013 of Telegraph Media Group Limited. Please refer to the Terms and Conditions of Use at http://www.telegraph.co.uk/rss','http://www.telegraph.co.uk/telegraph/template/ver1-0/i/rss/tcuk_main.png','\0',NULL,'2013-08-02 12:33:42',NULL,1.4705882352941178,0.08333333333333333,60,NULL,NULL),(156,2,1,'http://www.telegraph.co.uk/news/rss','News - Latest breaking UK news','http://www.telegraph.co.uk/news/','Latest UK news, breaking news and current news, plus celebrity news and political news from Telegraph.co.uk, all the latest breaking stories.','','℗ & © 2013 of Telegraph Media Group Limited. Please refer to the Terms and Conditions of Use at http://www.telegraph.co.uk/rss','http://www.telegraph.co.uk/telegraph/template/ver1-0/i/rss/tcuk_main.png','\0',NULL,'2013-08-02 12:34:05',NULL,8.333333333333334,0.08333333333333333,60,NULL,NULL),(157,2,33,'http://www.telegraph.co.uk/sport/rugbyunion/rss','Rugby - Rugby Union news, results, fixtures, live scores, stats, videos, photos and analysis','http://www.telegraph.co.uk/sport/rugbyunion/','Read the latest rugby union breaking news, live scores, results and reports, fan forums/message boards and in-depth statistics for rugby fans everywhere.','','℗ & © 2013 of Telegraph Media Group Limited. Please refer to the Terms and Conditions of Use at http://www.telegraph.co.uk/rss','http://www.telegraph.co.uk/telegraph/template/ver1-0/i/rss/tcuk_main.png','\0',NULL,'2013-08-02 12:35:28',NULL,1.9230769230769231,0.08333333333333333,60,NULL,NULL),(158,14,1,'http://rss.nytimes.com/services/xml/rss/nyt/HomePage.xml','NYT > Home Page','http://www.nytimes.com/pages/index.html?partner=rss&emc=rss','HomePage','','Copyright 2013 The New York Times Company','http://graphics8.nytimes.com/images/misc/NYT_logo_rss_250x40.png','\0',NULL,'2013-08-02 12:39:45',NULL,2.0833333333333335,0.08333333333333333,60,NULL,NULL),(159,14,1,'http://www.nytimes.com/services/xml/rss/nyt/GlobalHome.xml','NYT > Global Home','http://www.nytimes.com/pages/global/index.html?partner=rss&emc=rss','GlobalHome','','Copyright 2013 The New York Times Company','http://graphics8.nytimes.com/images/misc/NYT_logo_rss_250x40.png','\0',NULL,'2013-08-02 12:40:25',NULL,1.5625,0.08333333333333333,60,NULL,NULL),(160,14,3,'http://www.nytimes.com/services/xml/rss/nyt/World.xml','NYT > World','http://www.nytimes.com/pages/world/index.html?partner=rss&emc=rss','World','','Copyright 2013 The New York Times Company','http://graphics8.nytimes.com/images/misc/NYT_logo_rss_250x40.png','\0',NULL,'2013-08-02 12:40:42',NULL,1.7857142857142858,0.08333333333333333,60,NULL,NULL),(161,14,7,'http://www.nytimes.com/services/xml/rss/nyt/Africa.xml','NYT > Africa','http://www.nytimes.com/pages/world/africa/index.html?partner=rss&emc=rss','Africa','','Copyright 2013 The New York Times Company','http://graphics8.nytimes.com/images/misc/NYT_logo_rss_250x40.png','\0',NULL,'2013-08-02 12:41:12',NULL,8.333333333333334,0.08333333333333333,60,NULL,NULL),(162,14,53,'http://india.blogs.nytimes.com/feed/','India Ink','http://india.blogs.nytimes.com/','Notes on the World\'s Largest Democracy','','','http://graphics8.nytimes.com/images/section/NytSectionHeader.gif','\0',NULL,'2013-08-02 12:41:52',NULL,3.3333333333333335,0.08333333333333333,60,NULL,NULL),(163,14,27,'http://www.nytimes.com/services/xml/rss/nyt/Americas.xml','NYT > Americas','http://www.nytimes.com/pages/world/americas/index.html?partner=rss&emc=rss','Americas','','Copyright 2013 The New York Times Company','http://graphics8.nytimes.com/images/misc/NYT_logo_rss_250x40.png','\0',NULL,'2013-08-02 12:42:12',NULL,2.7777777777777777,0.08333333333333333,60,NULL,NULL),(164,14,6,'http://www.nytimes.com/services/xml/rss/nyt/AsiaPacific.xml','NYT > Asia Pacific','http://www.nytimes.com/pages/world/asia/index.html?partner=rss&emc=rss','AsiaPacific','','Copyright 2013 The New York Times Company','http://graphics8.nytimes.com/images/misc/NYT_logo_rss_250x40.png','\0',NULL,'2013-08-02 12:42:36',NULL,3.5714285714285716,0.08333333333333333,60,NULL,NULL),(165,14,5,'http://www.nytimes.com/services/xml/rss/nyt/Europe.xml','NYT > Europe','http://www.nytimes.com/pages/world/europe/index.html?partner=rss&emc=rss','Europe','','Copyright 2013 The New York Times Company','http://graphics8.nytimes.com/images/misc/NYT_logo_rss_250x40.png','\0',NULL,'2013-08-02 12:42:52',NULL,1.7857142857142858,0.08333333333333333,60,NULL,NULL),(166,14,8,'http://www.nytimes.com/services/xml/rss/nyt/MiddleEast.xml','NYT > Middle East','http://www.nytimes.com/pages/world/middleeast/index.html?partner=rss&emc=rss','MiddleEast','','Copyright 2013 The New York Times Company','http://graphics8.nytimes.com/images/misc/NYT_logo_rss_250x40.png','\0',NULL,'2013-08-02 12:43:08',NULL,1.0869565217391304,0.08333333333333333,60,NULL,NULL),(167,14,9,'http://www.nytimes.com/services/xml/rss/nyt/US.xml','NYT > U.S.','http://www.nytimes.com/pages/national/index.html?partner=rss&emc=rss','US','','Copyright 2013 The New York Times Company','http://graphics8.nytimes.com/images/misc/NYT_logo_rss_250x40.png','\0',NULL,'2013-08-02 12:43:38',NULL,1.6666666666666667,0.08333333333333333,60,NULL,NULL),(168,14,54,'http://www.nytimes.com/services/xml/rss/nyt/Politics.xml','NYT > Politics','http://www.nytimes.com/pages/politics/index.html?partner=rss&emc=rss','Politics','','Copyright 2013 The New York Times Company','http://graphics8.nytimes.com/images/misc/NYT_logo_rss_250x40.png','\0',NULL,'2013-08-02 12:44:49',NULL,8.333333333333334,0.08333333333333333,60,NULL,NULL),(169,14,56,'http://www.nytimes.com/services/xml/rss/nyt/Education.xml','NYT > Education','http://www.nytimes.com/pages/education/index.html?partner=rss&emc=rss','Education','','Copyright 2013 The New York Times Company','http://graphics8.nytimes.com/images/misc/NYT_logo_rss_250x40.png','\0',NULL,'2013-08-02 12:45:26',NULL,2.5,0.08333333333333333,60,NULL,NULL),(170,14,57,'http://rss.nytimes.com/services/xml/rss/nyt/NYRegion.xml','NYT > N.Y. / Region','http://www.nytimes.com/pages/nyregion/index.html?partner=rss&emc=rss','NYRegion','','Copyright 2013 The New York Times Company','http://graphics8.nytimes.com/images/misc/NYT_logo_rss_250x40.png','\0',NULL,'2013-08-02 12:46:52',NULL,2.7777777777777777,0.08333333333333333,60,NULL,NULL),(171,14,12,'http://feeds.nytimes.com/nyt/rss/Business','NYT > Business Day','http://www.nytimes.com/pages/business/index.html?partner=rss&emc=rss','Business','','Copyright 2013 The New York Times Company','http://graphics8.nytimes.com/images/misc/NYT_logo_rss_250x40.png','\0',NULL,'2013-08-02 12:47:22',NULL,1.7857142857142858,0.08333333333333333,60,NULL,NULL),(172,14,13,'http://feeds.nytimes.com/nyt/rss/Technology','NYT > Technology','http://www.nytimes.com/pages/technology/index.html?partner=rss&emc=rss','Technology','','Copyright 2013 The New York Times Company','http://graphics8.nytimes.com/images/misc/NYT_logo_rss_250x40.png','\0',NULL,'2013-08-02 12:47:42',NULL,3.125,0.08333333333333333,60,NULL,NULL),(173,14,16,'http://www.nytimes.com/services/xml/rss/nyt/Sports.xml','NYT > Sports','http://www.nytimes.com/pages/sports/index.html?partner=rss&emc=rss','Sports','','Copyright 2013 The New York Times Company','http://graphics8.nytimes.com/images/misc/NYT_logo_rss_250x40.png','\0',NULL,'2013-08-02 12:48:09',NULL,1.3888888888888888,0.08333333333333333,60,NULL,NULL),(174,14,58,'http://www.nytimes.com/services/xml/rss/nyt/Baseball.xml','NYT > Baseball','http://www.nytimes.com/pages/sports/baseball/index.html?partner=rss&emc=rss','Baseball','','Copyright 2013 The New York Times Company','http://graphics8.nytimes.com/images/misc/NYT_logo_rss_250x40.png','\0',NULL,'2013-08-02 12:48:41',NULL,0,0.08333333333333333,60,NULL,NULL),(175,14,23,'http://www.nytimes.com/services/xml/rss/nyt/Golf.xml','NYT > Golf','http://www.nytimes.com/pages/sports/golf/index.html?partner=rss&emc=rss','Golf','','Copyright 2013 The New York Times Company','http://graphics8.nytimes.com/images/misc/NYT_logo_rss_250x40.png','\0',NULL,'2013-08-02 12:49:23',NULL,2.0833333333333335,0.08333333333333333,60,NULL,NULL),(176,14,59,'http://www.nytimes.com/services/xml/rss/nyt/Hockey.xml','NYT > Hockey','http://www.nytimes.com/pages/sports/hockey/index.html?partner=rss&emc=rss','Hockey','','Copyright 2013 The New York Times Company','http://graphics8.nytimes.com/images/misc/NYT_logo_rss_250x40.png','\0',NULL,'2013-08-02 12:50:09',NULL,1.0869565217391304,0.08333333333333333,60,NULL,NULL),(177,14,22,'http://www.nytimes.com/services/xml/rss/nyt/Soccer.xml','NYT > Soccer','http://www.nytimes.com/pages/sports/soccer/index.html?partner=rss&emc=rss','Soccer','','Copyright 2013 The New York Times Company','http://graphics8.nytimes.com/images/misc/NYT_logo_rss_250x40.png','\0',NULL,'2013-08-02 12:50:31',NULL,25,0.08333333333333333,60,NULL,NULL),(178,14,25,'http://www.nytimes.com/services/xml/rss/nyt/Tennis.xml','NYT > Tennis','http://www.nytimes.com/pages/sports/tennis/index.html?partner=rss&emc=rss','Tennis','','Copyright 2013 The New York Times Company','http://graphics8.nytimes.com/images/misc/NYT_logo_rss_250x40.png','\0',NULL,'2013-08-02 12:50:49',NULL,8.333333333333334,0.08333333333333333,60,NULL,NULL),(179,14,14,'http://www.nytimes.com/services/xml/rss/nyt/Science.xml','NYT > Science','http://www.nytimes.com/pages/science/index.html?partner=rss&emc=rss','Science','','Copyright 2013 The New York Times Company','http://graphics8.nytimes.com/images/misc/NYT_logo_rss_250x40.png','\0',NULL,'2013-08-02 12:51:10',NULL,1.6666666666666667,0.08333333333333333,60,NULL,NULL),(180,14,17,'http://www.nytimes.com/services/xml/rss/nyt/Health.xml','NYT > Health','http://www.nytimes.com/pages/health/index.html?partner=rss&emc=rss','Health','','Copyright 2013 The New York Times Company','http://graphics8.nytimes.com/images/misc/NYT_logo_rss_250x40.png','\0',NULL,'2013-08-02 12:51:31',NULL,6.25,0.08333333333333333,60,NULL,NULL),(181,14,26,'http://www.nytimes.com/services/xml/rss/nyt/Travel.xml','NYT > Travel','http://www.nytimes.com/pages/travel/index.html?partner=rss&emc=rss','Travel','','Copyright 2013 The New York Times Company','http://graphics8.nytimes.com/images/misc/NYT_logo_rss_250x40.png','\0',NULL,'2013-08-02 12:52:03',NULL,6.25,0.08333333333333333,60,NULL,NULL),(182,14,15,'http://www.nytimes.com/services/xml/rss/nyt/Arts.xml','NYT > Arts','http://www.nytimes.com/pages/arts/index.html?partner=rss&emc=rss','Arts','','Copyright 2013 The New York Times Company','http://graphics8.nytimes.com/images/misc/NYT_logo_rss_250x40.png','\0',NULL,'2013-08-02 12:52:28',NULL,1.7857142857142858,0.08333333333333333,60,NULL,NULL);
/*!40000 ALTER TABLE `Feed` ENABLE KEYS */;
UNLOCK TABLES;

--
-- Dumping data for table `Story`
--

LOCK TABLES `Story` WRITE;
/*!40000 ALTER TABLE `Story` DISABLE KEYS */;
/*!40000 ALTER TABLE `Story` ENABLE KEYS */;
UNLOCK TABLES;
/*!40103 SET TIME_ZONE=@OLD_TIME_ZONE */;

/*!40101 SET SQL_MODE=@OLD_SQL_MODE */;
/*!40014 SET FOREIGN_KEY_CHECKS=@OLD_FOREIGN_KEY_CHECKS */;
/*!40014 SET UNIQUE_CHECKS=@OLD_UNIQUE_CHECKS */;
/*!40101 SET CHARACTER_SET_CLIENT=@OLD_CHARACTER_SET_CLIENT */;
/*!40101 SET CHARACTER_SET_RESULTS=@OLD_CHARACTER_SET_RESULTS */;
/*!40101 SET COLLATION_CONNECTION=@OLD_COLLATION_CONNECTION */;
/*!40111 SET SQL_NOTES=@OLD_SQL_NOTES */;

-- Dump completed on 2013-08-08 17:38:59
